Workbook

Sheet التقرير
A1: ="تقرير تحقيق المناديب – حتى "&TEXT(الإعدادات!$B$2,"dd/mm/yyyy") -> تقرير تحقيق المناديب – حتى 17/10/2026
A2: ="التارجت الشهري: هنجرستيشن "&الإعدادات!$B$19&" – كيتا "&الإعدادات!$B$20&" – نينجا "&الإعدادات!$B$21&" طلب | الهدف اليومي = التارجت ÷ "&الإعدادات!$B$4&" | الهدف = اليومي × أيام الاحتساب (أيام فيها طلبات)" -> التارجت الشهري: هنجرستيشن 450 – كيتا 450 – نينجا 360 طلب | الهدف اليومي = التارجت ÷ 30 | الهدف = اليومي × أيام الاحتساب (أيام فيها طلبات)
A3: عدد المناديب
B4: إجمالي المناديب | C4: على الكفالة | D4: فري لانسر | E4: يوزرات | L4: =HYPERLINK("#'الإدخال اليومي'!A"&(5+COUNTA('الإدخال اليومي'!$B$5:$B$234)),"➕ إضافة مندوب جديد (اضغط هنا)") -> ➕ إضافة مندوب جديد (اضغط هنا)
B5: =SUMIFS($R$31:$R$260,$S$31:$S$260,"يعمل") -> 167 | C5: =SUMIFS($R$31:$R$260,$E$31:$E$260,"كفالة",$S$31:$S$260,"يعمل") -> 98 | D5: =SUMIFS($R$31:$R$260,$E$31:$E$260,"فري لانسر",$S$31:$S$260,"يعمل") -> 56 | E5: =SUMIFS($R$31:$R$260,$E$31:$E$260,"يوزرات",$S$31:$S$260,"يعمل") -> 13
A7: توزيع المناديب العاملين على المشاريع والجهات
B8: الإجمالي | C8: امازون | F8: كيتا | I8: هنجرستيشن | L8: نينجا
C9: كفالة | D9: فري لانسر | E9: يوزرات | F9: كفالة | G9: فري لانسر | H9: يوزرات | I9: كفالة | J9: فري لانسر | K9: يوزرات | L9: كفالة | M9: فري لانسر | N9: يوزرات
B10: =SUM(C10:N10) -> 167 | C10: =SUMIFS($R$31:$R$260,$C$31:$C$260,"امازون",$E$31:$E$260,"كفالة",$S$31:$S$260,"يعمل") -> 48 | D10: =SUMIFS($R$31:$R$260,$C$31:$C$260,"امازون",$E$31:$E$260,"فري لانسر",$S$31:$S$260,"يعمل") -> 2 | E10: =SUMIFS($R$31:$R$260,$C$31:$C$260,"امازون",$E$31:$E$260,"يوزرات",$S$31:$S$260,"يعمل") -> 0 | F10: =SUMIFS($R$31:$R$260,$C$31:$C$260,"كيتا",$E$31:$E$260,"كفالة",$S$31:$S$260,"يعمل") -> 28 | G10: =SUMIFS($R$31:$R$260,$C$31:$C$260,"كيتا",$E$31:$E$260,"فري لانسر",$S$31:$S$260,"يعمل") -> 46 | H10: =SUMIFS($R$31:$R$260,$C$31:$C$260,"كيتا",$E$31:$E$260,"يوزرات",$S$31:$S$260,"يعمل") -> 0 | I10: =SUMIFS($R$31:$R$260,$C$31:$C$260,"هنجرستيشن",$E$31:$E$260,"كفالة",$S$31:$S$260,"يعمل") -> 22 | J10: =SUMIFS($R$31:$R$260,$C$31:$C$260,"هنجرستيشن",$E$31:$E$260,"فري لانسر",$S$31:$S$260,"يعمل") -> 4 | K10: =SUMIFS($R$31:$R$260,$C$31:$C$260,"هنجرستيشن",$E$31:$E$260,"يوزرات",$S$31:$S$260,"يعمل") -> 0 | L10: =SUMIFS($R$31:$R$260,$C$31:$C$260,"نينجا",$E$31:$E$260,"كفالة",$S$31:$S$260,"يعمل") -> 0 | M10: =SUMIFS($R$31:$R$260,$C$31:$C$260,"نينجا",$E$31:$E$260,"فري لانسر",$S$31:$S$260,"يعمل") -> 4 | N10: =SUMIFS($R$31:$R$260,$C$31:$C$260,"نينجا",$E$31:$E$260,"يوزرات",$S$31:$S$260,"يعمل") -> 13
A12: ملخص التحقيق حسب المشرف والمشروع
B13: المشرف | C13: المشروع | D13: عدد المناديب | E13: حقق | F13: قريب | G13: بعيد | H13: نسبة التحقيق | I13: شحنات امازون
B14: محمود خطاب | C14: هنجرستيشن | D14: =IF(AND($B14="",$C14=""),"",SUMIFS($R$31:$R$260,$H$31:$H$260,IF($B14="","*",$B14),$C$31:$C$260,IF($C14="","*",$C14),$S$31:$S$260,"يعمل")) -> 26 | E14: =IF(AND($B14="",$C14=""),"",SUMIFS($R$31:$R$260,$H$31:$H$260,IF($B14="","*",$B14),$C$31:$C$260,IF($C14="","*",$C14),$P$31:$P$260,"حقق")) -> 14 | F14: =IF(AND($B14="",$C14=""),"",SUMIFS($R$31:$R$260,$H$31:$H$260,IF($B14="","*",$B14),$C$31:$C$260,IF($C14="","*",$C14),$P$31:$P$260,"قريب")) -> 4 | G14: =IF(AND($B14="",$C14=""),"",SUMIFS($R$31:$R$260,$H$31:$H$260,IF($B14="","*",$B14),$C$31:$C$260,IF($C14="","*",$C14),$P$31:$P$260,"بعيد")) -> 8 | H14: =IF(AND($B14="",$C14=""),"",IF(E14+F14+G14=0,0,E14/(E14+F14+G14))) -> 0.53846154 | I14: =IF(AND($B14="",$C14=""),"",SUMIFS($G$31:$G$260,$H$31:$H$260,IF($B14="","*",$B14),$C$31:$C$260,IF($C14="","*",$C14),$R$31:$R$260,1)) -> 0
B15: محمود خطاب | C15: كيتا | D15: =IF(AND($B15="",$C15=""),"",SUMIFS($R$31:$R$260,$H$31:$H$260,IF($B15="","*",$B15),$C$31:$C$260,IF($C15="","*",$C15),$S$31:$S$260,"يعمل")) -> 26 | E15: =IF(AND($B15="",$C15=""),"",SUMIFS($R$31:$R$260,$H$31:$H$260,IF($B15="","*",$B15),$C$31:$C$260,IF($C15="","*",$C15),$P$31:$P$260,"حقق")) -> 23 | F15: =IF(AND($B15="",$C15=""),"",SUMIFS($R$31:$R$260,$H$31:$H$260,IF($B15="","*",$B15),$C$31:$C$260,IF($C15="","*",$C15),$P$31:$P$260,"قريب")) -> 2 | G15: =IF(AND($B15="",$C15=""),"",SUMIFS($R$31:$R$260,$H$31:$H$260,IF($B15="","*",$B15),$C$31:$C$260,IF($C15="","*",$C15),$P$31:$P$260,"بعيد")) -> 1 | H15: =IF(AND($B15="",$C15=""),"",IF(E15+F15+G15=0,0,E15/(E15+F15+G15))) -> 0.88461538 | I15: =IF(AND($B15="",$C15=""),"",SUMIFS($G$31:$G$260,$H$31:$H$260,IF($B15="","*",$B15),$C$31:$C$260,IF($C15="","*",$C15),$R$31:$R$260,1)) -> 0
B16: خالد عباس | C16: كيتا | D16: =IF(AND($B16="",$C16=""),"",SUMIFS($R$31:$R$260,$H$31:$H$260,IF($B16="","*",$B16),$C$31:$C$260,IF($C16="","*",$C16),$S$31:$S$260,"يعمل")) -> 47 | E16: =IF(AND($B16="",$C16=""),"",SUMIFS($R$31:$R$260,$H$31:$H$260,IF($B16="","*",$B16),$C$31:$C$260,IF($C16="","*",$C16),$P$31:$P$260,"حقق")) -> 32 | F16: =IF(AND($B16="",$C16=""),"",SUMIFS($R$31:$R$260,$H$31:$H$260,IF($B16="","*",$B16),$C$31:$C$260,IF($C16="","*",$C16),$P$31:$P$260,"قريب")) -> 6 | G16: =IF(AND($B16="",$C16=""),"",SUMIFS($R$31:$R$260,$H$31:$H$260,IF($B16="","*",$B16),$C$31:$C$260,IF($C16="","*",$C16),$P$31:$P$260,"بعيد")) -> 9 | H16: =IF(AND($B16="",$C16=""),"",IF(E16+F16+G16=0,0,E16/(E16+F16+G16))) -> 0.68085106 | I16: =IF(AND($B16="",$C16=""),"",SUMIFS($G$31:$G$260,$H$31:$H$260,IF($B16="","*",$B16),$C$31:$C$260,IF($C16="","*",$C16),$R$31:$R$260,1)) -> 0
B17: خالد عباس | C17: نينجا | D17: =IF(AND($B17="",$C17=""),"",SUMIFS($R$31:$R$260,$H$31:$H$260,IF($B17="","*",$B17),$C$31:$C$260,IF($C17="","*",$C17),$S$31:$S$260,"يعمل")) -> 17 | E17: =IF(AND($B17="",$C17=""),"",SUMIFS($R$31:$R$260,$H$31:$H$260,IF($B17="","*",$B17),$C$31:$C$260,IF($C17="","*",$C17),$P$31:$P$260,"حقق")) -> 5 | F17: =IF(AND($B17="",$C17=""),"",SUMIFS($R$31:$R$260,$H$31:$H$260,IF($B17="","*",$B17),$C$31:$C$260,IF($C17="","*",$C17),$P$31:$P$260,"قريب")) -> 3 | G17: =IF(AND($B17="",$C17=""),"",SUMIFS($R$31:$R$260,$H$31:$H$260,IF($B17="","*",$B17),$C$31:$C$260,IF($C17="","*",$C17),$P$31:$P$260,"بعيد")) -> 9 | H17: =IF(AND($B17="",$C17=""),"",IF(E17+F17+G17=0,0,E17/(E17+F17+G17))) -> 0.29411765 | I17: =IF(AND($B17="",$C17=""),"",SUMIFS($G$31:$G$260,$H$31:$H$260,IF($B17="","*",$B17),$C$31:$C$260,IF($C17="","*",$C17),$R$31:$R$260,1)) -> 0
B18: عبدالرحمن رحومة | C18: امازون | D18: =IF(AND($B18="",$C18=""),"",SUMIFS($R$31:$R$260,$H$31:$H$260,IF($B18="","*",$B18),$C$31:$C$260,IF($C18="","*",$C18),$S$31:$S$260,"يعمل")) -> 50 | E18: =IF(AND($B18="",$C18=""),"",SUMIFS($R$31:$R$260,$H$31:$H$260,IF($B18="","*",$B18),$C$31:$C$260,IF($C18="","*",$C18),$P$31:$P$260,"حقق")) -> 0 | F18: =IF(AND($B18="",$C18=""),"",SUMIFS($R$31:$R$260,$H$31:$H$260,IF($B18="","*",$B18),$C$31:$C$260,IF($C18="","*",$C18),$P$31:$P$260,"قريب")) -> 0 | G18: =IF(AND($B18="",$C18=""),"",SUMIFS($R$31:$R$260,$H$31:$H$260,IF($B18="","*",$B18),$C$31:$C$260,IF($C18="","*",$C18),$P$31:$P$260,"بعيد")) -> 0 | H18: =IF(AND($B18="",$C18=""),"",IF(E18+F18+G18=0,0,E18/(E18+F18+G18))) -> 0 | I18: =IF(AND($B18="",$C18=""),"",SUMIFS($G$31:$G$260,$H$31:$H$260,IF($B18="","*",$B18),$C$31:$C$260,IF($C18="","*",$C18),$R$31:$R$260,1)) -> 0
D19: =IF(AND($B19="",$C19=""),"",SUMIFS($R$31:$R$260,$H$31:$H$260,IF($B19="","*",$B19),$C$31:$C$260,IF($C19="","*",$C19),$S$31:$S$260,"يعمل")) | E19: =IF(AND($B19="",$C19=""),"",SUMIFS($R$31:$R$260,$H$31:$H$260,IF($B19="","*",$B19),$C$31:$C$260,IF($C19="","*",$C19),$P$31:$P$260,"حقق")) | F19: =IF(AND($B19="",$C19=""),"",SUMIFS($R$31:$R$260,$H$31:$H$260,IF($B19="","*",$B19),$C$31:$C$260,IF($C19="","*",$C19),$P$31:$P$260,"قريب")) | G19: =IF(AND($B19="",$C19=""),"",SUMIFS($R$31:$R$260,$H$31:$H$260,IF($B19="","*",$B19),$C$31:$C$260,IF($C19="","*",$C19),$P$31:$P$260,"بعيد")) | H19: =IF(AND($B19="",$C19=""),"",IF(E19+F19+G19=0,0,E19/(E19+F19+G19))) | I19: =IF(AND($B19="",$C19=""),"",SUMIFS($G$31:$G$260,$H$31:$H$260,IF($B19="","*",$B19),$C$31:$C$260,IF($C19="","*",$C19),$R$31:$R$260,1))
D20: =IF(AND($B20="",$C20=""),"",SUMIFS($R$31:$R$260,$H$31:$H$260,IF($B20="","*",$B20),$C$31:$C$260,IF($C20="","*",$C20),$S$31:$S$260,"يعمل")) | E20: =IF(AND($B20="",$C20=""),"",SUMIFS($R$31:$R$260,$H$31:$H$260,IF($B20="","*",$B20),$C$31:$C$260,IF($C20="","*",$C20),$P$31:$P$260,"حقق")) | F20: =IF(AND($B20="",$C20=""),"",SUMIFS($R$31:$R$260,$H$31:$H$260,IF($B20="","*",$B20),$C$31:$C$260,IF($C20="","*",$C20),$P$31:$P$260,"قريب")) | G20: =IF(AND($B20="",$C20=""),"",SUMIFS($R$31:$R$260,$H$31:$H$260,IF($B20="","*",$B20),$C$31:$C$260,IF($C20="","*",$C20),$P$31:$P$260,"بعيد")) | H20: =IF(AND($B20="",$C20=""),"",IF(E20+F20+G20=0,0,E20/(E20+F20+G20))) | I20: =IF(AND($B20="",$C20=""),"",SUMIFS($G$31:$G$260,$H$31:$H$260,IF($B20="","*",$B20),$C$31:$C$260,IF($C20="","*",$C20),$R$31:$R$260,1))
D21: =IF(AND($B21="",$C21=""),"",SUMIFS($R$31:$R$260,$H$31:$H$260,IF($B21="","*",$B21),$C$31:$C$260,IF($C21="","*",$C21),$S$31:$S$260,"يعمل")) | E21: =IF(AND($B21="",$C21=""),"",SUMIFS($R$31:$R$260,$H$31:$H$260,IF($B21="","*",$B21),$C$31:$C$260,IF($C21="","*",$C21),$P$31:$P$260,"حقق")) | F21: =IF(AND($B21="",$C21=""),"",SUMIFS($R$31:$R$260,$H$31:$H$260,IF($B21="","*",$B21),$C$31:$C$260,IF($C21="","*",$C21),$P$31:$P$260,"قريب")) | G21: =IF(AND($B21="",$C21=""),"",SUMIFS($R$31:$R$260,$H$31:$H$260,IF($B21="","*",$B21),$C$31:$C$260,IF($C21="","*",$C21),$P$31:$P$260,"بعيد")) | H21: =IF(AND($B21="",$C21=""),"",IF(E21+F21+G21=0,0,E21/(E21+F21+G21))) | I21: =IF(AND($B21="",$C21=""),"",SUMIFS($G$31:$G$260,$H$31:$H$260,IF($B21="","*",$B21),$C$31:$C$260,IF($C21="","*",$C21),$R$31:$R$260,1))
C22: ترك العمل | D22: =SUMIFS($R$31:$R$260,$P$31:$P$260,"مستبعد (ترك العمل)") -> 3
C23: اجازه | D23: =SUMIFS($R$31:$R$260,$P$31:$P$260,"مستبعد (اجازة)") -> 4
C24: الإجمالي | D24: =SUMIFS($R$31:$R$260,$S$31:$S$260,"يعمل") -> 167 | E24: =SUMIFS($R$31:$R$260,$P$31:$P$260,"حقق") -> 74 | F24: =SUMIFS($R$31:$R$260,$P$31:$P$260,"قريب") -> 15 | G24: =SUMIFS($R$31:$R$260,$P$31:$P$260,"بعيد") -> 28 | H24: =IF(E24+F24+G24=0,0,E24/(E24+F24+G24)) -> 0.63247863 | I24: =SUBTOTAL(109,$G$31:$G$260) -> 0
A26: ="حقق: وصل لهدفه — قريب: من "&TEXT(الإعدادات!$B$8,"0%")&" لأقل من هدفه — بعيد: أقل. اليوم اللي فيه طلبات = يوم احتساب، واليوم اللي مفيهوش طلبات = غياب. الجداول دي بتتغير مع الفلتر. اكتب اسم المشرف/المشروع في الجدول اللي فوق لو عايز صف جديد." -> حقق: وصل لهدفه — قريب: من 80% لأقل من هدفه — بعيد: أقل. اليوم اللي فيه طلبات = يوم احتساب، واليوم اللي مفيهوش طلبات = غياب. الجداول دي بتتغير مع الفلتر. اكتب اسم المشرف/المشروع في الجدول اللي فوق لو عايز صف جديد.
A28: تفاصيل المناديب
A29: =SUBTOTAL(102,$A$31:$A$260) -> 162 | B29: =SUBTOTAL(109,$R$31:$R$260) -> 0 | C29: الإجمالي | F29: =SUBTOTAL(109,F31:F260) -> 29722 | G29: =SUBTOTAL(109,G31:G260) -> 0 | I29: =SUBTOTAL(109,I31:I260) -> 1954 | K29: =SUBTOTAL(109,K31:K260) -> 127 | M29: =SUBTOTAL(109,M31:M260) -> 28254 | O29: =SUBTOTAL(109,O31:O260) -> 54013
A30: رقم الإقامة | B30: الاسم | C30: المشروع | D30: م | E30: الجهة | F30: إجمالي الطلبات | G30: شحنات امازون | H30: المشرف | I30: طلبات اليوم | J30: تاريخ البدء | K30: أيام الغياب | L30: أيام الاحتساب | M30: هدفه | N30: % من الهدف | O30: المتوقع للشهر | P30: التقييم | Q30: ملاحظات
A31: =IF('الإدخال اليومي'!$B5="","",IF('الإدخال اليومي'!A5="","",'الإدخال اليومي'!A5)) -> 2556808885 | B31: =IF('الإدخال اليومي'!$B5="","",IF('الإدخال اليومي'!B5="","",'الإدخال اليومي'!B5)) -> Robin Mia | C31: =IF('الإدخال اليومي'!$B5="","",IF('الإدخال اليومي'!C5="","",'الإدخال اليومي'!C5)) -> كيتا | D31: =IF($B31="","",1) -> 1 | E31: =IF('الإدخال اليومي'!$B5="","",IF('الإدخال اليومي'!AD5="","",'الإدخال اليومي'!AD5)) -> كفالة | F31: =IF($B31="","",'الإدخال اليومي'!I5) -> 442 | G31: =IF($B31="","",IF(N('الإدخال اليومي'!AG5)=0,"",'الإدخال اليومي'!AG5)) | H31: =IF('الإدخال اليومي'!$B5="","",IF('الإدخال اليومي'!AE5="","",'الإدخال اليومي'!AE5)) -> محمود خطاب | I31: =IF($B31="","",IFERROR(INDEX('الإدخال اليومي'!K5:AA5,MATCH(الإعدادات!$B$2,'الإدخال اليومي'!$K$3:$AA$3,0)),0)) -> 23 | J31: =IF('الإدخال اليومي'!$B5="","",IF('الإدخال اليومي'!F5="","",'الإدخال اليومي'!F5)) -> 45924 | K31: =IF($B31="","",N('الإدخال اليومي'!G5)+MAX(0,الإعدادات!$B$2-MAX(الإعدادات!$B$10+1,N(J31))+1)-SUMPRODUCT(('الإدخال اليومي'!$L5:$AA5>0)*('الإدخال اليومي'!$L$3:$AA$3>=MAX(الإعدادات!$B$10+1,N(J31)))*('الإدخال اليومي'!$L$3:$AA$3<=الإعدادات!$B$2))) -> 0 | L31: =IF($B31="","",MAX(0,الإعدادات!$B$10-IF(J31="",الإعدادات!$B$9,MAX(J31,الإعدادات!$B$9))+1-N('الإدخال اليومي'!G5))+SUMPRODUCT(('الإدخال اليومي'!$L5:$AA5>0)*('الإدخال اليومي'!$L$3:$AA$3>=MAX(الإعدادات!$B$10+1,N(J31)))*('الإدخال اليومي'!$L$3:$AA$3<=الإعدادات!$B$2))) -> 17 | M31: =IF($B31="","",IF(C31="امازون","",(IFERROR(INDEX(الإعدادات!$B$19:$B$22,MATCH(C31,الإعدادات!$A$19:$A$22,0)),الإعدادات!$B$3)/الإعدادات!$B$4)*L31)) -> 255 | N31: =IF($B31="","",IF(OR(M31="",M31=0),"",F31/M31)) -> 1.7333333 | O31: =IF($B31="","",IF(OR(C31="امازون",L31=0),"",ROUND(F31/L31*الإعدادات!$B$4,0))) -> 780 | P31: =IF($B31="","",IF('الإدخال اليومي'!AF5="لا يعمل","مستبعد (ترك العمل)",IF('الإدخال اليومي'!AF5="اجازه","مستبعد (اجازة)",IF(C31="امازون","امازون (شحنات)",IF(L31=0,"مستبعد (لم يعمل)",IF(F31>=M31,"حقق",IF(F31>=M31*الإعدادات!$B$8,"قريب","بعيد"))))))) -> حقق | Q31: =IF($B31="","",TRIM('الإدخال اليومي'!H5&IF(N('الإدخال اليومي'!AC5)>0," | + "&'الإدخال اليومي'!AC5&" طلب من "&'الإدخال اليومي'!AB5&" (محسوبة في الإجمالي)",""))) | R31: =IF($B31="",0,SUBTOTAL(103,B31)) -> 1 | S31: =IF($B31="","",IF('الإدخال اليومي'!AF5="","يعمل",'الإدخال اليومي'!AF5)) -> يعمل
A32: =IF('الإدخال اليومي'!$B6="","",IF('الإدخال اليومي'!A6="","",'الإدخال اليومي'!A6)) -> 2558834244 | B32: =IF('الإدخال اليومي'!$B6="","",IF('الإدخال اليومي'!B6="","",'الإدخال اليومي'!B6)) -> AHMARE ALI ASLAM | C32: =IF('الإدخال اليومي'!$B6="","",IF('الإدخال اليومي'!C6="","",'الإدخال اليومي'!C6)) -> كيتا | D32: =IF($B32="","",2) -> 2 | E32: =IF('الإدخال اليومي'!$B6="","",IF('الإدخال اليومي'!AD6="","",'الإدخال اليومي'!AD6)) -> كفالة | F32: =IF($B32="","",'الإدخال اليومي'!I6) -> 428 | G32: =IF($B32="","",IF(N('الإدخال اليومي'!AG6)=0,"",'الإدخال اليومي'!AG6)) | H32: =IF('الإدخال اليومي'!$B6="","",IF('الإدخال اليومي'!AE6="","",'الإدخال اليومي'!AE6)) -> محمود خطاب | I32: =IF($B32="","",IFERROR(INDEX('الإدخال اليومي'!K6:AA6,MATCH(الإعدادات!$B$2,'الإدخال اليومي'!$K$3:$AA$3,0)),0)) -> 28 | J32: =IF('الإدخال اليومي'!$B6="","",IF('الإدخال اليومي'!F6="","",'الإدخال اليومي'!F6)) -> 46029 | K32: =IF($B32="","",N('الإدخال اليومي'!G6)+MAX(0,الإعدادات!$B$2-MAX(الإعدادات!$B$10+1,N(J32))+1)-SUMPRODUCT(('الإدخال اليومي'!$L6:$AA6>0)*('الإدخال اليومي'!$L$3:$AA$3>=MAX(الإعدادات!$B$10+1,N(J32)))*('الإدخال اليومي'!$L$3:$AA$3<=الإعدادات!$B$2))) -> 0 | L32: =IF($B32="","",MAX(0,الإعدادات!$B$10-IF(J32="",الإعدادات!$B$9,MAX(J32,الإعدادات!$B$9))+1-N('الإدخال اليومي'!G6))+SUMPRODUCT(('الإدخال اليومي'!$L6:$AA6>0)*('الإدخال اليومي'!$L$3:$AA$3>=MAX(الإعدادات!$B$10+1,N(J32)))*('الإدخال اليومي'!$L$3:$AA$3<=الإعدادات!$B$2))) -> 17 | M32: =IF($B32="","",IF(C32="امازون","",(IFERROR(INDEX(الإعدادات!$B$19:$B$22,MATCH(C32,الإعدادات!$A$19:$A$22,0)),الإعدادات!$B$3)/الإعدادات!$B$4)*L32)) -> 255 | N32: =IF($B32="","",IF(OR(M32="",M32=0),"",F32/M32)) -> 1.6784314 | O32: =IF($B32="","",IF(OR(C32="امازون",L32=0),"",ROUND(F32/L32*الإعدادات!$B$4,0))) -> 755 | P32: =IF($B32="","",IF('الإدخال اليومي'!AF6="لا يعمل","مستبعد (ترك العمل)",IF('الإدخال اليومي'!AF6="اجازه","مستبعد (اجازة)",IF(C32="امازون","امازون (شحنات)",IF(L32=0,"مستبعد (لم يعمل)",IF(F32>=M32,"حقق",IF(F32>=M32*الإعدادات!$B$8,"قريب","بعيد"))))))) -> حقق | Q32: =IF($B32="","",TRIM('الإدخال اليومي'!H6&IF(N('الإدخال اليومي'!AC6)>0," | + "&'الإدخال اليومي'!AC6&" طلب من "&'الإدخال اليومي'!AB6&" (محسوبة في الإجمالي)",""))) | R32: =IF($B32="",0,SUBTOTAL(103,B32)) -> 1 | S32: =IF($B32="","",IF('الإدخال اليومي'!AF6="","يعمل",'الإدخال اليومي'!AF6)) -> يعمل
A33: =IF('الإدخال اليومي'!$B7="","",IF('الإدخال اليومي'!A7="","",'الإدخال اليومي'!A7)) -> 2636257749 | B33: =IF('الإدخال اليومي'!$B7="","",IF('الإدخال اليومي'!B7="","",'الإدخال اليومي'!B7)) -> حسن احمد حسين جمال الدين | C33: =IF('الإدخال اليومي'!$B7="","",IF('الإدخال اليومي'!C7="","",'الإدخال اليومي'!C7)) -> كيتا | D33: =IF($B33="","",3) -> 3 | E33: =IF('الإدخال اليومي'!$B7="","",IF('الإدخال اليومي'!AD7="","",'الإدخال اليومي'!AD7)) -> فري لانسر | F33: =IF($B33="","",'الإدخال اليومي'!I7) -> 417 | G33: =IF($B33="","",IF(N('الإدخال اليومي'!AG7)=0,"",'الإدخال اليومي'!AG7)) | H33: =IF('الإدخال اليومي'!$B7="","",IF('الإدخال اليومي'!AE7="","",'الإدخال اليومي'!AE7)) -> خالد عباس | I33: =IF($B33="","",IFERROR(INDEX('الإدخال اليومي'!K7:AA7,MATCH(الإعدادات!$B$2,'الإدخال اليومي'!$K$3:$AA$3,0)),0)) -> 26 | J33: =IF('الإدخال اليومي'!$B7="","",IF('الإدخال اليومي'!F7="","",'الإدخال اليومي'!F7)) -> 46250 | K33: =IF($B33="","",N('الإدخال اليومي'!G7)+MAX(0,الإعدادات!$B$2-MAX(الإعدادات!$B$10+1,N(J33))+1)-SUMPRODUCT(('الإدخال اليومي'!$L7:$AA7>0)*('الإدخال اليومي'!$L$3:$AA$3>=MAX(الإعدادات!$B$10+1,N(J33)))*('الإدخال اليومي'!$L$3:$AA$3<=الإعدادات!$B$2))) -> 0 | L33: =IF($B33="","",MAX(0,الإعدادات!$B$10-IF(J33="",الإعدادات!$B$9,MAX(J33,الإعدادات!$B$9))+1-N('الإدخال اليومي'!G7))+SUMPRODUCT(('الإدخال اليومي'!$L7:$AA7>0)*('الإدخال اليومي'!$L$3:$AA$3>=MAX(الإعدادات!$B$10+1,N(J33)))*('الإدخال اليومي'!$L$3:$AA$3<=الإعدادات!$B$2))) -> 17 | M33: =IF($B33="","",IF(C33="امازون","",(IFERROR(INDEX(الإعدادات!$B$19:$B$22,MATCH(C33,الإعدادات!$A$19:$A$22,0)),الإعدادات!$B$3)/الإعدادات!$B$4)*L33)) -> 255 | N33: =IF($B33="","",IF(OR(M33="",M33=0),"",F33/M33)) -> 1.6352941 | O33: =IF($B33="","",IF(OR(C33="امازون",L33=0),"",ROUND(F33/L33*الإعدادات!$B$4,0))) -> 736 | P33: =IF($B33="","",IF('الإدخال اليومي'!AF7="لا يعمل","مستبعد (ترك العمل)",IF('الإدخال اليومي'!AF7="اجازه","مستبعد (اجازة)",IF(C33="امازون","امازون (شحنات)",IF(L33=0,"مستبعد (لم يعمل)",IF(F33>=M33,"حقق",IF(F33>=M33*الإعدادات!$B$8,"قريب","بعيد"))))))) -> حقق | Q33: =IF($B33="","",TRIM('الإدخال اليومي'!H7&IF(N('الإدخال اليومي'!AC7)>0," | + "&'الإدخال اليومي'!AC7&" طلب من "&'الإدخال اليومي'!AB7&" (محسوبة في الإجمالي)",""))) | R33: =IF($B33="",0,SUBTOTAL(103,B33)) -> 1 | S33: =IF($B33="","",IF('الإدخال اليومي'!AF7="","يعمل",'الإدخال اليومي'!AF7)) -> يعمل
A34: =IF('الإدخال اليومي'!$B8="","",IF('الإدخال اليومي'!A8="","",'الإدخال اليومي'!A8)) -> 2566744484 | B34: =IF('الإدخال اليومي'!$B8="","",IF('الإدخال اليومي'!B8="","",'الإدخال اليومي'!B8)) -> Babar Ali | C34: =IF('الإدخال اليومي'!$B8="","",IF('الإدخال اليومي'!C8="","",'الإدخال اليومي'!C8)) -> كيتا | D34: =IF($B34="","",4) -> 4 | E34: =IF('الإدخال اليومي'!$B8="","",IF('الإدخال اليومي'!AD8="","",'الإدخال اليومي'!AD8)) -> كفالة | F34: =IF($B34="","",'الإدخال اليومي'!I8) -> 401 | G34: =IF($B34="","",IF(N('الإدخال اليومي'!AG8)=0,"",'الإدخال اليومي'!AG8)) | H34: =IF('الإدخال اليومي'!$B8="","",IF('الإدخال اليومي'!AE8="","",'الإدخال اليومي'!AE8)) -> محمود خطاب | I34: =IF($B34="","",IFERROR(INDEX('الإدخال اليومي'!K8:AA8,MATCH(الإعدادات!$B$2,'الإدخال اليومي'!$K$3:$AA$3,0)),0)) -> 20 | J34: =IF('الإدخال اليومي'!$B8="","",IF('الإدخال اليومي'!F8="","",'الإدخال اليومي'!F8)) -> 45534 | K34: =IF($B34="","",N('الإدخال اليومي'!G8)+MAX(0,الإعدادات!$B$2-MAX(الإعدادات!$B$10+1,N(J34))+1)-SUMPRODUCT(('الإدخال اليومي'!$L8:$AA8>0)*('الإدخال اليومي'!$L$3:$AA$3>=MAX(الإعدادات!$B$10+1,N(J34)))*('الإدخال اليومي'!$L$3:$AA$3<=الإعدادات!$B$2))) -> 0 | L34: =IF($B34="","",MAX(0,الإعدادات!$B$10-IF(J34="",الإعدادات!$B$9,MAX(J34,الإعدادات!$B$9))+1-N('الإدخال اليومي'!G8))+SUMPRODUCT(('الإدخال اليومي'!$L8:$AA8>0)*('الإدخال اليومي'!$L$3:$AA$3>=MAX(الإعدادات!$B$10+1,N(J34)))*('الإدخال اليومي'!$L$3:$AA$3<=الإعدادات!$B$2))) -> 17 | M34: =IF($B34="","",IF(C34="امازون","",(IFERROR(INDEX(الإعدادات!$B$19:$B$22,MATCH(C34,الإعدادات!$A$19:$A$22,0)),الإعدادات!$B$3)/الإعدادات!$B$4)*L34)) -> 255 | N34: =IF($B34="","",IF(OR(M34="",M34=0),"",F34/M34)) -> 1.572549 | O34: =IF($B34="","",IF(OR(C34="امازون",L34=0),"",ROUND(F34/L34*الإعدادات!$B$4,0))) -> 708 | P34: =IF($B34="","",IF('الإدخال اليومي'!AF8="لا يعمل","مستبعد (ترك العمل)",IF('الإدخال اليومي'!AF8="اجازه","مستبعد (اجازة)",IF(C34="امازون","امازون (شحنات)",IF(L34=0,"مستبعد (لم يعمل)",IF(F34>=M34,"حقق",IF(F34>=M34*الإعدادات!$B$8,"قريب","بعيد"))))))) -> حقق | Q34: =IF($B34="","",TRIM('الإدخال اليومي'!H8&IF(N('الإدخال اليومي'!AC8)>0," | + "&'الإدخال اليومي'!AC8&" طلب من "&'الإدخال اليومي'!AB8&" (محسوبة في الإجمالي)",""))) | R34: =IF($B34="",0,SUBTOTAL(103,B34)) -> 1 | S34: =IF($B34="","",IF('الإدخال اليومي'!AF8="","يعمل",'الإدخال اليومي'!AF8)) -> يعمل
A35: =IF('الإدخال اليومي'!$B9="","",IF('الإدخال اليومي'!A9="","",'الإدخال اليومي'!A9)) -> 2556809024 | B35: =IF('الإدخال اليومي'!$B9="","",IF('الإدخال اليومي'!B9="","",'الإدخال اليومي'!B9)) -> Md ELMAZED | C35: =IF('الإدخال اليومي'!$B9="","",IF('الإدخال اليومي'!C9="","",'الإدخال اليومي'!C9)) -> كيتا | D35: =IF($B35="","",5) -> 5 | E35: =IF('الإدخال اليومي'!$B9="","",IF('الإدخال اليومي'!AD9="","",'الإدخال اليومي'!AD9)) -> كفالة | F35: =IF($B35="","",'الإدخال اليومي'!I9) -> 409 | G35: =IF($B35="","",IF(N('الإدخال اليومي'!AG9)=0,"",'الإدخال اليومي'!AG9)) | H35: =IF('الإدخال اليومي'!$B9="","",IF('الإدخال اليومي'!AE9="","",'الإدخال اليومي'!AE9)) -> محمود خطاب | I35: =IF($B35="","",IFERROR(INDEX('الإدخال اليومي'!K9:AA9,MATCH(الإعدادات!$B$2,'الإدخال اليومي'!$K$3:$AA$3,0)),0)) -> 22 | J35: =IF('الإدخال اليومي'!$B9="","",IF('الإدخال اليومي'!F9="","",'الإدخال اليومي'!F9)) -> 45924 | K35: =IF($B35="","",N('الإدخال اليومي'!G9)+MAX(0,الإعدادات!$B$2-MAX(الإعدادات!$B$10+1,N(J35))+1)-SUMPRODUCT(('الإدخال اليومي'!$L9:$AA9>0)*('الإدخال اليومي'!$L$3:$AA$3>=MAX(الإعدادات!$B$10+1,N(J35)))*('الإدخال اليومي'!$L$3:$AA$3<=الإعدادات!$B$2))) -> 0 | L35: =IF($B35="","",MAX(0,الإعدادات!$B$10-IF(J35="",الإعدادات!$B$9,MAX(J35,الإعدادات!$B$9))+1-N('الإدخال اليومي'!G9))+SUMPRODUCT(('الإدخال اليومي'!$L9:$AA9>0)*('الإدخال اليومي'!$L$3:$AA$3>=MAX(الإعدادات!$B$10+1,N(J35)))*('الإدخال اليومي'!$L$3:$AA$3<=الإعدادات!$B$2))) -> 17 | M35: =IF($B35="","",IF(C35="امازون","",(IFERROR(INDEX(الإعدادات!$B$19:$B$22,MATCH(C35,الإعدادات!$A$19:$A$22,0)),الإعدادات!$B$3)/الإعدادات!$B$4)*L35)) -> 255 | N35: =IF($B35="","",IF(OR(M35="",M35=0),"",F35/M35)) -> 1.6039216 | O35: =IF($B35="","",IF(OR(C35="امازون",L35=0),"",ROUND(F35/L35*الإعدادات!$B$4,0))) -> 722 | P35: =IF($B35="","",IF('الإدخال اليومي'!AF9="لا يعمل","مستبعد (ترك العمل)",IF('الإدخال اليومي'!AF9="اجازه","مستبعد (اجازة)",IF(C35="امازون","امازون (شحنات)",IF(L35=0,"مستبعد (لم يعمل)",IF(F35>=M35,"حقق",IF(F35>=M35*الإعدادات!$B$8,"قريب","بعيد"))))))) -> حقق | Q35: =IF($B35="","",TRIM('الإدخال اليومي'!H9&IF(N('الإدخال اليومي'!AC9)>0," | + "&'الإدخال اليومي'!AC9&" طلب من "&'الإدخال اليومي'!AB9&" (محسوبة في الإجمالي)",""))) | R35: =IF($B35="",0,SUBTOTAL(103,B35)) -> 1 | S35: =IF($B35="","",IF('الإدخال اليومي'!AF9="","يعمل",'الإدخال اليومي'!AF9)) -> يعمل
A36: =IF('الإدخال اليومي'!$B10="","",IF('الإدخال اليومي'!A10="","",'الإدخال اليومي'!A10)) -> 2555618590 | B36: =IF('الإدخال اليومي'!$B10="","",IF('الإدخال اليومي'!B10="","",'الإدخال اليومي'!B10)) -> MOHAMMED BAKRE | C36: =IF('الإدخال اليومي'!$B10="","",IF('الإدخال اليومي'!C10="","",'الإدخال اليومي'!C10)) -> كيتا | D36: =IF($B36="","",6) -> 6 | E36: =IF('الإدخال اليومي'!$B10="","",IF('الإدخال اليومي'!AD10="","",'الإدخال اليومي'!AD10)) -> كفالة | F36: =IF($B36="","",'الإدخال اليومي'!I10) -> 397 | G36: =IF($B36="","",IF(N('الإدخال اليومي'!AG10)=0,"",'الإدخال اليومي'!AG10)) | H36: =IF('الإدخال اليومي'!$B10="","",IF('الإدخال اليومي'!AE10="","",'الإدخال اليومي'!AE10)) -> محمود خطاب | I36: =IF($B36="","",IFERROR(INDEX('الإدخال اليومي'!K10:AA10,MATCH(الإعدادات!$B$2,'الإدخال اليومي'!$K$3:$AA$3,0)),0)) -> 22 | J36: =IF('الإدخال اليومي'!$B10="","",IF('الإدخال اليومي'!F10="","",'الإدخال اليومي'!F10)) -> 45322 | K36: =IF($B36="","",N('الإدخال اليومي'!G10)+MAX(0,الإعدادات!$B$2-MAX(الإعدادات!$B$10+1,N(J36))+1)-SUMPRODUCT(('الإدخال اليومي'!$L10:$AA10>0)*('الإدخال اليومي'!$L$3:$AA$3>=MAX(الإعدادات!$B$10+1,N(J36)))*('الإدخال اليومي'!$L$3:$AA$3<=الإعدادات!$B$2))) -> 0 | L36: =IF($B36="","",MAX(0,الإعدادات!$B$10-IF(J36="",الإعدادات!$B$9,MAX(J36,الإعدادات!$B$9))+1-N('الإدخال اليومي'!G10))+SUMPRODUCT(('الإدخال اليومي'!$L10:$AA10>0)*('الإدخال اليومي'!$L$3:$AA$3>=MAX(الإعدادات!$B$10+1,N(J36)))*('الإدخال اليومي'!$L$3:$AA$3<=الإعدادات!$B$2))) -> 17 | M36: =IF($B36="","",IF(C36="امازون","",(IFERROR(INDEX(الإعدادات!$B$19:$B$22,MATCH(C36,الإعدادات!$A$19:$A$22,0)),الإعدادات!$B$3)/الإعدادات!$B$4)*L36)) -> 255 | N36: =IF($B36="","",IF(OR(M36="",M36=0),"",F36/M36)) -> 1.5568627 | O36: =IF($B36="","",IF(OR(C36="امازون",L36=0),"",ROUND(F36/L36*الإعدادات!$B$4,0))) -> 701 | P36: =IF($B36="","",IF('الإدخال اليومي'!AF10="لا يعمل","مستبعد (ترك العمل)",IF('الإدخال اليومي'!AF10="اجازه","مستبعد (اجازة)",IF(C36="امازون","امازون (شحنات)",IF(L36=0,"مستبعد (لم يعمل)",IF(F36>=M36,"حقق",IF(F36>=M36*الإعدادات!$B$8,"قريب","بعيد"))))))) -> حقق | Q36: =IF($B36="","",TRIM('الإدخال اليومي'!H10&IF(N('الإدخال اليومي'!AC10)>0," | + "&'الإدخال اليومي'!AC10&" طلب من "&'الإدخال اليومي'!AB10&" (محسوبة في الإجمالي)",""))) | R36: =IF($B36="",0,SUBTOTAL(103,B36)) -> 1 | S36: =IF($B36="","",IF('الإدخال اليومي'!AF10="","يعمل",'الإدخال اليومي'!AF10)) -> يعمل
A37: =IF('الإدخال اليومي'!$B11="","",IF('الإدخال اليومي'!A11="","",'الإدخال اليومي'!A11)) -> 2588682613 | B37: =IF('الإدخال اليومي'!$B11="","",IF('الإدخال اليومي'!B11="","",'الإدخال اليومي'!B11)) -> قمر الحسن | C37: =IF('الإدخال اليومي'!$B11="","",IF('الإدخال اليومي'!C11="","",'الإدخال اليومي'!C11)) -> كيتا | D37: =IF($B37="","",7) -> 7 | E37: =IF('الإدخال اليومي'!$B11="","",IF('الإدخال اليومي'!AD11="","",'الإدخال اليومي'!AD11)) -> فري لانسر | F37: =IF($B37="","",'الإدخال اليومي'!I11) -> 387 | G37: =IF($B37="","",IF(N('الإدخال اليومي'!AG11)=0,"",'الإدخال اليومي'!AG11)) | H37: =IF('الإدخال اليومي'!$B11="","",IF('الإدخال اليومي'!AE11="","",'الإدخال اليومي'!AE11)) -> خالد عباس | I37: =IF($B37="","",IFERROR(INDEX('الإدخال اليومي'!K11:AA11,MATCH(الإعدادات!$B$2,'الإدخال اليومي'!$K$3:$AA$3,0)),0)) -> 17 | J37: =IF('الإدخال اليومي'!$B11="","",IF('الإدخال اليومي'!F11="","",'الإدخال اليومي'!F11)) -> 46204 | K37: =IF($B37="","",N('الإدخال اليومي'!G11)+MAX(0,الإعدادات!$B$2-MAX(الإعدادات!$B$10+1,N(J37))+1)-SUMPRODUCT(('الإدخال اليومي'!$L11:$AA11>0)*('الإدخال اليومي'!$L$3:$AA$3>=MAX(الإعدادات!$B$10+1,N(J37)))*('الإدخال اليومي'!$L$3:$AA$3<=الإعدادات!$B$2))) -> 0 | L37: =IF($B37="","",MAX(0,الإعدادات!$B$10-IF(J37="",الإعدادات!$B$9,MAX(J37,الإعدادات!$B$9))+1-N('الإدخال اليومي'!G11))+SUMPRODUCT(('الإدخال اليومي'!$L11:$AA11>0)*('الإدخال اليومي'!$L$3:$AA$3>=MAX(الإعدادات!$B$10+1,N(J37)))*('الإدخال اليومي'!$L$3:$AA$3<=الإعدادات!$B$2))) -> 17 | M37: =IF($B37="","",IF(C37="امازون","",(IFERROR(INDEX(الإعدادات!$B$19:$B$22,MATCH(C37,الإعدادات!$A$19:$A$22,0)),الإعدادات!$B$3)/الإعدادات!$B$4)*L37)) -> 255 | N37: =IF($B37="","",IF(OR(M37="",M37=0),"",F37/M37)) -> 1.5176471 | O37: =IF($B37="","",IF(OR(C37="امازون",L37=0),"",ROUND(F37/L37*الإعدادات!$B$4,0))) -> 683 | P37: =IF($B37="","",IF('الإدخال اليومي'!AF11="لا يعمل","مستبعد (ترك العمل)",IF('الإدخال اليومي'!AF11="اجازه","مستبعد (اجازة)",IF(C37="امازون","امازون (شحنات)",IF(L37=0,"مستبعد (لم يعمل)",IF(F37>=M37,"حقق",IF(F37>=M37*الإعدادات!$B$8,"قريب","بعيد"))))))) -> حقق | Q37: =IF($B37="","",TRIM('الإدخال اليومي'!H11&IF(N('الإدخال اليومي'!AC11)>0," | + "&'الإدخال اليومي'!AC11&" طلب من "&'الإدخال اليومي'!AB11&" (محسوبة في الإجمالي)",""))) | R37: =IF($B37="",0,SUBTOTAL(103,B37)) -> 1 | S37: =IF($B37="","",IF('الإدخال اليومي'!AF11="","يعمل",'الإدخال اليومي'!AF11)) -> يعمل
A38: =IF('الإدخال اليومي'!$B12="","",IF('الإدخال اليومي'!A12="","",'الإدخال اليومي'!A12)) -> 2591742545 | B38: =IF('الإدخال اليومي'!$B12="","",IF('الإدخال اليومي'!B12="","",'الإدخال اليومي'!B12)) -> مصطفى محمود احمد | C38: =IF('الإدخال اليومي'!$B12="","",IF('الإدخال اليومي'!C12="","",'الإدخال اليومي'!C12)) -> كيتا | D38: =IF($B38="","",8) -> 8 | E38: =IF('الإدخال اليومي'!$B12="","",IF('الإدخال اليومي'!AD12="","",'الإدخال اليومي'!AD12)) -> فري لانسر | F38: =IF($B38="","",'الإدخال اليومي'!I12) -> 358 | G38: =IF($B38="","",IF(N('الإدخال اليومي'!AG12)=0,"",'الإدخال اليومي'!AG12)) | H38: =IF('الإدخال اليومي'!$B12="","",IF('الإدخال اليومي'!AE12="","",'الإدخال اليومي'!AE12)) -> خالد عباس | I38: =IF($B38="","",IFERROR(INDEX('الإدخال اليومي'!K12:AA12,MATCH(الإعدادات!$B$2,'الإدخال اليومي'!$K$3:$AA$3,0)),0)) -> 15 | J38: =IF('الإدخال اليومي'!$B12="","",IF('الإدخال اليومي'!F12="","",'الإدخال اليومي'!F12)) -> 46204 | K38: =IF($B38="","",N('الإدخال اليومي'!G12)+MAX(0,الإعدادات!$B$2-MAX(الإعدادات!$B$10+1,N(J38))+1)-SUMPRODUCT(('الإدخال اليومي'!$L12:$AA12>0)*('الإدخال اليومي'!$L$3:$AA$3>=MAX(الإعدادات!$B$10+1,N(J38)))*('الإدخال اليومي'!$L$3:$AA$3<=الإعدادات!$B$2))) -> 1 | L38: =IF($B38="","",MAX(0,الإعدادات!$B$10-IF(J38="",الإعدادات!$B$9,MAX(J38,الإعدادات!$B$9))+1-N('الإدخال اليومي'!G12))+SUMPRODUCT(('الإدخال اليومي'!$L12:$AA12>0)*('الإدخال اليومي'!$L$3:$AA$3>=MAX(الإعدادات!$B$10+1,N(J38)))*('الإدخال اليومي'!$L$3:$AA$3<=الإعدادات!$B$2))) -> 16 | M38: =IF($B38="","",IF(C38="امازون","",(IFERROR(INDEX(الإعدادات!$B$19:$B$22,MATCH(C38,الإعدادات!$A$19:$A$22,0)),الإعدادات!$B$3)/الإعدادات!$B$4)*L38)) -> 240 | N38: =IF($B38="","",IF(OR(M38="",M38=0),"",F38/M38)) -> 1.4916667 | O38: =IF($B38="","",IF(OR(C38="امازون",L38=0),"",ROUND(F38/L38*الإعدادات!$B$4,0))) -> 671 | P38: =IF($B38="","",IF('الإدخال اليومي'!AF12="لا يعمل","مستبعد (ترك العمل)",IF('الإدخال اليومي'!AF12="اجازه","مستبعد (اجازة)",IF(C38="امازون","امازون (شحنات)",IF(L38=0,"مستبعد (لم يعمل)",IF(F38>=M38,"حقق",IF(F38>=M38*الإعدادات!$B$8,"قريب","بعيد"))))))) -> حقق | Q38: =IF($B38="","",TRIM('الإدخال اليومي'!H12&IF(N('الإدخال اليومي'!AC12)>0," | + "&'الإدخال اليومي'!AC12&" طلب من "&'الإدخال اليومي'!AB12&" (محسوبة في الإجمالي)",""))) | R38: =IF($B38="",0,SUBTOTAL(103,B38)) -> 1 | S38: =IF($B38="","",IF('الإدخال اليومي'!AF12="","يعمل",'الإدخال اليومي'!AF12)) -> يعمل
A39: =IF('الإدخال اليومي'!$B13="","",IF('الإدخال اليومي'!A13="","",'الإدخال اليومي'!A13)) -> 2586734259 | B39: =IF('الإدخال اليومي'!$B13="","",IF('الإدخال اليومي'!B13="","",'الإدخال اليومي'!B13)) -> RAFI MD IBRAHIM | C39: =IF('الإدخال اليومي'!$B13="","",IF('الإدخال اليومي'!C13="","",'الإدخال اليومي'!C13)) -> كيتا | D39: =IF($B39="","",9) -> 9 | E39: =IF('الإدخال اليومي'!$B13="","",IF('الإدخال اليومي'!AD13="","",'الإدخال اليومي'!AD13)) -> فري لانسر | F39: =IF($B39="","",'الإدخال اليومي'!I13) -> 370 | G39: =IF($B39="","",IF(N('الإدخال اليومي'!AG13)=0,"",'الإدخال اليومي'!AG13)) | H39: =IF('الإدخال اليومي'!$B13="","",IF('الإدخال اليومي'!AE13="","",'الإدخال اليومي'!AE13)) -> خالد عباس | I39: =IF($B39="","",IFERROR(INDEX('الإدخال اليومي'!K13:AA13,MATCH(الإعدادات!$B$2,'الإدخال اليومي'!$K$3:$AA$3,0)),0)) -> 15 | J39: =IF('الإدخال اليومي'!$B13="","",IF('الإدخال اليومي'!F13="","",'الإدخال اليومي'!F13)) -> 46284 | K39: =IF($B39="","",N('الإدخال اليومي'!G13)+MAX(0,الإعدادات!$B$2-MAX(الإعدادات!$B$10+1,N(J39))+1)-SUMPRODUCT(('الإدخال اليومي'!$L13:$AA13>0)*('الإدخال اليومي'!$L$3:$AA$3>=MAX(الإعدادات!$B$10+1,N(J39)))*('الإدخال اليومي'!$L$3:$AA$3<=الإعدادات!$B$2))) -> 0 | L39: =IF($B39="","",MAX(0,الإعدادات!$B$10-IF(J39="",الإعدادات!$B$9,MAX(J39,الإعدادات!$B$9))+1-N('الإدخال اليومي'!G13))+SUMPRODUCT(('الإدخال اليومي'!$L13:$AA13>0)*('الإدخال اليومي'!$L$3:$AA$3>=MAX(الإعدادات!$B$10+1,N(J39)))*('الإدخال اليومي'!$L$3:$AA$3<=الإعدادات!$B$2))) -> 17 | M39: =IF($B39="","",IF(C39="امازون","",(IFERROR(INDEX(الإعدادات!$B$19:$B$22,MATCH(C39,الإعدادات!$A$19:$A$22,0)),الإعدادات!$B$3)/الإعدادات!$B$4)*L39)) -> 255 | N39: =IF($B39="","",IF(OR(M39="",M39=0),"",F39/M39)) -> 1.4509804 | O39: =IF($B39="","",IF(OR(C39="امازون",L39=0),"",ROUND(F39/L39*الإعدادات!$B$4,0))) -> 653 | P39: =IF($B39="","",IF('الإدخال اليومي'!AF13="لا يعمل","مستبعد (ترك العمل)",IF('الإدخال اليومي'!AF13="اجازه","مستبعد (اجازة)",IF(C39="امازون","امازون (شحنات)",IF(L39=0,"مستبعد (لم يعمل)",IF(F39>=M39,"حقق",IF(F39>=M39*الإعدادات!$B$8,"قريب","بعيد"))))))) -> حقق | Q39: =IF($B39="","",TRIM('الإدخال اليومي'!H13&IF(N('الإدخال اليومي'!AC13)>0," | + "&'الإدخال اليومي'!AC13&" طلب من "&'الإدخال اليومي'!AB13&" (محسوبة في الإجمالي)",""))) | R39: =IF($B39="",0,SUBTOTAL(103,B39)) -> 1 | S39: =IF($B39="","",IF('الإدخال اليومي'!AF13="","يعمل",'الإدخال اليومي'!AF13)) -> يعمل
A40: =IF('الإدخال اليومي'!$B14="","",IF('الإدخال اليومي'!A14="","",'الإدخال اليومي'!A14)) -> 2567991936 | B40: =IF('الإدخال اليومي'!$B14="","",IF('الإدخال اليومي'!B14="","",'الإدخال اليومي'!B14)) -> SABUJ SK | C40: =IF('الإدخال اليومي'!$B14="","",IF('الإدخال اليومي'!C14="","",'الإدخال اليومي'!C14)) -> كيتا | D40: =IF($B40="","",10) -> 10 | E40: =IF('الإدخال اليومي'!$B14="","",IF('الإدخال اليومي'!AD14="","",'الإدخال اليومي'!AD14)) -> كفالة | F40: =IF($B40="","",'الإدخال اليومي'!I14) -> 393 | G40: =IF($B40="","",IF(N('الإدخال اليومي'!AG14)=0,"",'الإدخال اليومي'!AG14)) | H40: =IF('الإدخال اليومي'!$B14="","",IF('الإدخال اليومي'!AE14="","",'الإدخال اليومي'!AE14)) -> محمود خطاب | I40: =IF($B40="","",IFERROR(INDEX('الإدخال اليومي'!K14:AA14,MATCH(الإعدادات!$B$2,'الإدخال اليومي'!$K$3:$AA$3,0)),0)) -> 26 | J40: =IF('الإدخال اليومي'!$B14="","",IF('الإدخال اليومي'!F14="","",'الإدخال اليومي'!F14)) -> 45412 | K40: =IF($B40="","",N('الإدخال اليومي'!G14)+MAX(0,الإعدادات!$B$2-MAX(الإعدادات!$B$10+1,N(J40))+1)-SUMPRODUCT(('الإدخال اليومي'!$L14:$AA14>0)*('الإدخال اليومي'!$L$3:$AA$3>=MAX(الإعدادات!$B$10+1,N(J40)))*('الإدخال اليومي'!$L$3:$AA$3<=الإعدادات!$B$2))) -> 0 | L40: =IF($B40="","",MAX(0,الإعدادات!$B$10-IF(J40="",الإعدادات!$B$9,MAX(J40,الإعدادات!$B$9))+1-N('الإدخال اليومي'!G14))+SUMPRODUCT(('الإدخال اليومي'!$L14:$AA14>0)*('الإدخال اليومي'!$L$3:$AA$3>=MAX(الإعدادات!$B$10+1,N(J40)))*('الإدخال اليومي'!$L$3:$AA$3<=الإعدادات!$B$2))) -> 17 | M40: =IF($B40="","",IF(C40="امازون","",(IFERROR(INDEX(الإعدادات!$B$19:$B$22,MATCH(C40,الإعدادات!$A$19:$A$22,0)),الإعدادات!$B$3)/الإعدادات!$B$4)*L40)) -> 255 | N40: =IF($B40="","",IF(OR(M40="",M40=0),"",F40/M40)) -> 1.5411765 | O40: =IF($B40="","",IF(OR(C40="امازون",L40=0),"",ROUND(F40/L40*الإعدادات!$B$4,0))) -> 694 | P40: =IF($B40="","",IF('الإدخال اليومي'!AF14="لا يعمل","مستبعد (ترك العمل)",IF('الإدخال اليومي'!AF14="اجازه","مستبعد (اجازة)",IF(C40="امازون","امازون (شحنات)",IF(L40=0,"مستبعد (لم يعمل)",IF(F40>=M40,"حقق",IF(F40>=M40*الإعدادات!$B$8,"قريب","بعيد"))))))) -> حقق | Q40: =IF($B40="","",TRIM('الإدخال اليومي'!H14&IF(N('الإدخال اليومي'!AC14)>0," | + "&'الإدخال اليومي'!AC14&" طلب من "&'الإدخال اليومي'!AB14&" (محسوبة في الإجمالي)",""))) | R40: =IF($B40="",0,SUBTOTAL(103,B40)) -> 1 | S40: =IF($B40="","",IF('الإدخال اليومي'!AF14="","يعمل",'الإدخال اليومي'!AF14)) -> يعمل
A41: =IF('الإدخال اليومي'!$B15="","",IF('الإدخال اليومي'!A15="","",'الإدخال اليومي'!A15)) -> 2585711043 | B41: =IF('الإدخال اليومي'!$B15="","",IF('الإدخال اليومي'!B15="","",'الإدخال اليومي'!B15)) -> هريدوى تشاندرا | C41: =IF('الإدخال اليومي'!$B15="","",IF('الإدخال اليومي'!C15="","",'الإدخال اليومي'!C15)) -> كيتا | D41: =IF($B41="","",11) -> 11 | E41: =IF('الإدخال اليومي'!$B15="","",IF('الإدخال اليومي'!AD15="","",'الإدخال اليومي'!AD15)) -> فري لانسر | F41: =IF($B41="","",'الإدخال اليومي'!I15) -> 383 | G41: =IF($B41="","",IF(N('الإدخال اليومي'!AG15)=0,"",'الإدخال اليومي'!AG15)) | H41: =IF('الإدخال اليومي'!$B15="","",IF('الإدخال اليومي'!AE15="","",'الإدخال اليومي'!AE15)) -> خالد عباس | I41: =IF($B41="","",IFERROR(INDEX('الإدخال اليومي'!K15:AA15,MATCH(الإعدادات!$B$2,'الإدخال اليومي'!$K$3:$AA$3,0)),0)) -> 17 | J41: =IF('الإدخال اليومي'!$B15="","",IF('الإدخال اليومي'!F15="","",'الإدخال اليومي'!F15)) -> 46204 | K41: =IF($B41="","",N('الإدخال اليومي'!G15)+MAX(0,الإعدادات!$B$2-MAX(الإعدادات!$B$10+1,N(J41))+1)-SUMPRODUCT(('الإدخال اليومي'!$L15:$AA15>0)*('الإدخال اليومي'!$L$3:$AA$3>=MAX(الإعدادات!$B$10+1,N(J41)))*('الإدخال اليومي'!$L$3:$AA$3<=الإعدادات!$B$2))) -> 0 | L41: =IF($B41="","",MAX(0,الإعدادات!$B$10-IF(J41="",الإعدادات!$B$9,MAX(J41,الإعدادات!$B$9))+1-N('الإدخال اليومي'!G15))+SUMPRODUCT(('الإدخال اليومي'!$L15:$AA15>0)*('الإدخال اليومي'!$L$3:$AA$3>=MAX(الإعدادات!$B$10+1,N(J41)))*('الإدخال اليومي'!$L$3:$AA$3<=الإعدادات!$B$2))) -> 17 | M41: =IF($B41="","",IF(C41="امازون","",(IFERROR(INDEX(الإعدادات!$B$19:$B$22,MATCH(C41,الإعدادات!$A$19:$A$22,0)),الإعدادات!$B$3)/الإعدادات!$B$4)*L41)) -> 255 | N41: =IF($B41="","",IF(OR(M41="",M41=0),"",F41/M41)) -> 1.5019608 | O41: =IF($B41="","",IF(OR(C41="امازون",L41=0),"",ROUND(F41/L41*الإعدادات!$B$4,0))) -> 676 | P41: =IF($B41="","",IF('الإدخال اليومي'!AF15="لا يعمل","مستبعد (ترك العمل)",IF('الإدخال اليومي'!AF15="اجازه","مستبعد (اجازة)",IF(C41="امازون","امازون (شحنات)",IF(L41=0,"مستبعد (لم يعمل)",IF(F41>=M41,"حقق",IF(F41>=M41*الإعدادات!$B$8,"قريب","بعيد"))))))) -> حقق | Q41: =IF($B41="","",TRIM('الإدخال اليومي'!H15&IF(N('الإدخال اليومي'!AC15)>0," | + "&'الإدخال اليومي'!AC15&" طلب من "&'الإدخال اليومي'!AB15&" (محسوبة في الإجمالي)",""))) | R41: =IF($B41="",0,SUBTOTAL(103,B41)) -> 1 | S41: =IF($B41="","",IF('الإدخال اليومي'!AF15="","يعمل",'الإدخال اليومي'!AF15)) -> يعمل
A42: =IF('الإدخال اليومي'!$B16="","",IF('الإدخال اليومي'!A16="","",'الإدخال اليومي'!A16)) -> 2569644962 | B42: =IF('الإدخال اليومي'!$B16="","",IF('الإدخال اليومي'!B16="","",'الإدخال اليومي'!B16)) -> KHAYRUL ISLAM | C42: =IF('الإدخال اليومي'!$B16="","",IF('الإدخال اليومي'!C16="","",'الإدخال اليومي'!C16)) -> كيتا | D42: =IF($B42="","",12) -> 12 | E42: =IF('الإدخال اليومي'!$B16="","",IF('الإدخال اليومي'!AD16="","",'الإدخال اليومي'!AD16)) -> كفالة | F42: =IF($B42="","",'الإدخال اليومي'!I16) -> 342 | G42: =IF($B42="","",IF(N('الإدخال اليومي'!AG16)=0,"",'الإدخال اليومي'!AG16)) | H42: =IF('الإدخال اليومي'!$B16="","",IF('الإدخال اليومي'!AE16="","",'الإدخال اليومي'!AE16)) -> محمود خطاب | I42: =IF($B42="","",IFERROR(INDEX('الإدخال اليومي'!K16:AA16,MATCH(الإعدادات!$B$2,'الإدخال اليومي'!$K$3:$AA$3,0)),0)) -> 15 | J42: =IF('الإدخال اليومي'!$B16="","",IF('الإدخال اليومي'!F16="","",'الإدخال اليومي'!F16)) -> 46139 | K42: =IF($B42="","",N('الإدخال اليومي'!G16)+MAX(0,الإعدادات!$B$2-MAX(الإعدادات!$B$10+1,N(J42))+1)-SUMPRODUCT(('الإدخال اليومي'!$L16:$AA16>0)*('الإدخال اليومي'!$L$3:$AA$3>=MAX(الإعدادات!$B$10+1,N(J42)))*('الإدخال اليومي'!$L$3:$AA$3<=الإعدادات!$B$2))) -> 0 | L42: =IF($B42="","",MAX(0,الإعدادات!$B$10-IF(J42="",الإعدادات!$B$9,MAX(J42,الإعدادات!$B$9))+1-N('الإدخال اليومي'!G16))+SUMPRODUCT(('الإدخال اليومي'!$L16:$AA16>0)*('الإدخال اليومي'!$L$3:$AA$3>=MAX(الإعدادات!$B$10+1,N(J42)))*('الإدخال اليومي'!$L$3:$AA$3<=الإعدادات!$B$2))) -> 17 | M42: =IF($B42="","",IF(C42="امازون","",(IFERROR(INDEX(الإعدادات!$B$19:$B$22,MATCH(C42,الإعدادات!$A$19:$A$22,0)),الإعدادات!$B$3)/الإعدادات!$B$4)*L42)) -> 255 | N42: =IF($B42="","",IF(OR(M42="",M42=0),"",F42/M42)) -> 1.3411765 | O42: =IF($B42="","",IF(OR(C42="امازون",L42=0),"",ROUND(F42/L42*الإعدادات!$B$4,0))) -> 604 | P42: =IF($B42="","",IF('الإدخال اليومي'!AF16="لا يعمل","مستبعد (ترك العمل)",IF('الإدخال اليومي'!AF16="اجازه","مستبعد (اجازة)",IF(C42="امازون","امازون (شحنات)",IF(L42=0,"مستبعد (لم يعمل)",IF(F42>=M42,"حقق",IF(F42>=M42*الإعدادات!$B$8,"قريب","بعيد"))))))) -> حقق | Q42: =IF($B42="","",TRIM('الإدخال اليومي'!H16&IF(N('الإدخال اليومي'!AC16)>0," | + "&'الإدخال اليومي'!AC16&" طلب من "&'الإدخال اليومي'!AB16&" (محسوبة في الإجمالي)",""))) | R42: =IF($B42="",0,SUBTOTAL(103,B42)) -> 1 | S42: =IF($B42="","",IF('الإدخال اليومي'!AF16="","يعمل",'الإدخال اليومي'!AF16)) -> يعمل
A43: =IF('الإدخال اليومي'!$B17="","",IF('الإدخال اليومي'!A17="","",'الإدخال اليومي'!A17)) -> 2548474473 | B43: =IF('الإدخال اليومي'!$B17="","",IF('الإدخال اليومي'!B17="","",'الإدخال اليومي'!B17)) -> BELAL HOSEN | C43: =IF('الإدخال اليومي'!$B17="","",IF('الإدخال اليومي'!C17="","",'الإدخال اليومي'!C17)) -> كيتا | D43: =IF($B43="","",13) -> 13 | E43: =IF('الإدخال اليومي'!$B17="","",IF('الإدخال اليومي'!AD17="","",'الإدخال اليومي'!AD17)) -> كفالة | F43: =IF($B43="","",'الإدخال اليومي'!I17) -> 377 | G43: =IF($B43="","",IF(N('الإدخال اليومي'!AG17)=0,"",'الإدخال اليومي'!AG17)) | H43: =IF('الإدخال اليومي'!$B17="","",IF('الإدخال اليومي'!AE17="","",'الإدخال اليومي'!AE17)) -> محمود خطاب | I43: =IF($B43="","",IFERROR(INDEX('الإدخال اليومي'!K17:AA17,MATCH(الإعدادات!$B$2,'الإدخال اليومي'!$K$3:$AA$3,0)),0)) -> 29 | J43: =IF('الإدخال اليومي'!$B17="","",IF('الإدخال اليومي'!F17="","",'الإدخال اليومي'!F17)) -> 45351 | K43: =IF($B43="","",N('الإدخال اليومي'!G17)+MAX(0,الإعدادات!$B$2-MAX(الإعدادات!$B$10+1,N(J43))+1)-SUMPRODUCT(('الإدخال اليومي'!$L17:$AA17>0)*('الإدخال اليومي'!$L$3:$AA$3>=MAX(الإعدادات!$B$10+1,N(J43)))*('الإدخال اليومي'!$L$3:$AA$3<=الإعدادات!$B$2))) -> 0 | L43: =IF($B43="","",MAX(0,الإعدادات!$B$10-IF(J43="",الإعدادات!$B$9,MAX(J43,الإعدادات!$B$9))+1-N('الإدخال اليومي'!G17))+SUMPRODUCT(('الإدخال اليومي'!$L17:$AA17>0)*('الإدخال اليومي'!$L$3:$AA$3>=MAX(الإعدادات!$B$10+1,N(J43)))*('الإدخال اليومي'!$L$3:$AA$3<=الإعدادات!$B$2))) -> 17 | M43: =IF($B43="","",IF(C43="امازون","",(IFERROR(INDEX(الإعدادات!$B$19:$B$22,MATCH(C43,الإعدادات!$A$19:$A$22,0)),الإعدادات!$B$3)/الإعدادات!$B$4)*L43)) -> 255 | N43: =IF($B43="","",IF(OR(M43="",M43=0),"",F43/M43)) -> 1.4784314 | O43: =IF($B43="","",IF(OR(C43="امازون",L43=0),"",ROUND(F43/L43*الإعدادات!$B$4,0))) -> 665 | P43: =IF($B43="","",IF('الإدخال اليومي'!AF17="لا يعمل","مستبعد (ترك العمل)",IF('الإدخال اليومي'!AF17="اجازه","مستبعد (اجازة)",IF(C43="امازون","امازون (شحنات)",IF(L43=0,"مستبعد (لم يعمل)",IF(F43>=M43,"حقق",IF(F43>=M43*الإعدادات!$B$8,"قريب","بعيد"))))))) -> حقق | Q43: =IF($B43="","",TRIM('الإدخال اليومي'!H17&IF(N('الإدخال اليومي'!AC17)>0," | + "&'الإدخال اليومي'!AC17&" طلب من "&'الإدخال اليومي'!AB17&" (محسوبة في الإجمالي)",""))) | R43: =IF($B43="",0,SUBTOTAL(103,B43)) -> 1 | S43: =IF($B43="","",IF('الإدخال اليومي'!AF17="","يعمل",'الإدخال اليومي'!AF17)) -> يعمل
A44: =IF('الإدخال اليومي'!$B18="","",IF('الإدخال اليومي'!A18="","",'الإدخال اليومي'!A18)) -> 2560708006 | B44: =IF('الإدخال اليومي'!$B18="","",IF('الإدخال اليومي'!B18="","",'الإدخال اليومي'!B18)) -> زاكير اوسين | C44: =IF('الإدخال اليومي'!$B18="","",IF('الإدخال اليومي'!C18="","",'الإدخال اليومي'!C18)) -> كيتا | D44: =IF($B44="","",14) -> 14 | E44: =IF('الإدخال اليومي'!$B18="","",IF('الإدخال اليومي'!AD18="","",'الإدخال اليومي'!AD18)) -> فري لانسر | F44: =IF($B44="","",'الإدخال اليومي'!I18) -> 370 | G44: =IF($B44="","",IF(N('الإدخال اليومي'!AG18)=0,"",'الإدخال اليومي'!AG18)) | H44: =IF('الإدخال اليومي'!$B18="","",IF('الإدخال اليومي'!AE18="","",'الإدخال اليومي'!AE18)) -> خالد عباس | I44: =IF($B44="","",IFERROR(INDEX('الإدخال اليومي'!K18:AA18,MATCH(الإعدادات!$B$2,'الإدخال اليومي'!$K$3:$AA$3,0)),0)) -> 23 | J44: =IF('الإدخال اليومي'!$B18="","",IF('الإدخال اليومي'!F18="","",'الإدخال اليومي'!F18)) -> 46204 | K44: =IF($B44="","",N('الإدخال اليومي'!G18)+MAX(0,الإعدادات!$B$2-MAX(الإعدادات!$B$10+1,N(J44))+1)-SUMPRODUCT(('الإدخال اليومي'!$L18:$AA18>0)*('الإدخال اليومي'!$L$3:$AA$3>=MAX(الإعدادات!$B$10+1,N(J44)))*('الإدخال اليومي'!$L$3:$AA$3<=الإعدادات!$B$2))) -> 0 | L44: =IF($B44="","",MAX(0,الإعدادات!$B$10-IF(J44="",الإعدادات!$B$9,MAX(J44,الإعدادات!$B$9))+1-N('الإدخال اليومي'!G18))+SUMPRODUCT(('الإدخال اليومي'!$L18:$AA18>0)*('الإدخال اليومي'!$L$3:$AA$3>=MAX(الإعدادات!$B$10+1,N(J44)))*('الإدخال اليومي'!$L$3:$AA$3<=الإعدادات!$B$2))) -> 17 | M44: =IF($B44="","",IF(C44="امازون","",(IFERROR(INDEX(الإعدادات!$B$19:$B$22,MATCH(C44,الإعدادات!$A$19:$A$22,0)),الإعدادات!$B$3)/الإعدادات!$B$4)*L44)) -> 255 | N44: =IF($B44="","",IF(OR(M44="",M44=0),"",F44/M44)) -> 1.4509804 | O44: =IF($B44="","",IF(OR(C44="امازون",L44=0),"",ROUND(F44/L44*الإعدادات!$B$4,0))) -> 653 | P44: =IF($B44="","",IF('الإدخال اليومي'!AF18="لا يعمل","مستبعد (ترك العمل)",IF('الإدخال اليومي'!AF18="اجازه","مستبعد (اجازة)",IF(C44="امازون","امازون (شحنات)",IF(L44=0,"مستبعد (لم يعمل)",IF(F44>=M44,"حقق",IF(F44>=M44*الإعدادات!$B$8,"قريب","بعيد"))))))) -> حقق | Q44: =IF($B44="","",TRIM('الإدخال اليومي'!H18&IF(N('الإدخال اليومي'!AC18)>0," | + "&'الإدخال اليومي'!AC18&" طلب من "&'الإدخال اليومي'!AB18&" (محسوبة في الإجمالي)",""))) | R44: =IF($B44="",0,SUBTOTAL(103,B44)) -> 1 | S44: =IF($B44="","",IF('الإدخال اليومي'!AF18="","يعمل",'الإدخال اليومي'!AF18)) -> يعمل
A45: =IF('الإدخال اليومي'!$B19="","",IF('الإدخال اليومي'!A19="","",'الإدخال اليومي'!A19)) -> 2548467725 | B45: =IF('الإدخال اليومي'!$B19="","",IF('الإدخال اليومي'!B19="","",'الإدخال اليومي'!B19)) -> SHOHAN ALI | C45: =IF('الإدخال اليومي'!$B19="","",IF('الإدخال اليومي'!C19="","",'الإدخال اليومي'!C19)) -> كيتا | D45: =IF($B45="","",15) -> 15 | E45: =IF('الإدخال اليومي'!$B19="","",IF('الإدخال اليومي'!AD19="","",'الإدخال اليومي'!AD19)) -> كفالة | F45: =IF($B45="","",'الإدخال اليومي'!I19) -> 359 | G45: =IF($B45="","",IF(N('الإدخال اليومي'!AG19)=0,"",'الإدخال اليومي'!AG19)) | H45: =IF('الإدخال اليومي'!$B19="","",IF('الإدخال اليومي'!AE19="","",'الإدخال اليومي'!AE19)) -> محمود خطاب | I45: =IF($B45="","",IFERROR(INDEX('الإدخال اليومي'!K19:AA19,MATCH(الإعدادات!$B$2,'الإدخال اليومي'!$K$3:$AA$3,0)),0)) -> 18 | J45: =IF('الإدخال اليومي'!$B19="","",IF('الإدخال اليومي'!F19="","",'الإدخال اليومي'!F19)) -> 45351 | K45: =IF($B45="","",N('الإدخال اليومي'!G19)+MAX(0,الإعدادات!$B$2-MAX(الإعدادات!$B$10+1,N(J45))+1)-SUMPRODUCT(('الإدخال اليومي'!$L19:$AA19>0)*('الإدخال اليومي'!$L$3:$AA$3>=MAX(الإعدادات!$B$10+1,N(J45)))*('الإدخال اليومي'!$L$3:$AA$3<=الإعدادات!$B$2))) -> 0 | L45: =IF($B45="","",MAX(0,الإعدادات!$B$10-IF(J45="",الإعدادات!$B$9,MAX(J45,الإعدادات!$B$9))+1-N('الإدخال اليومي'!G19))+SUMPRODUCT(('الإدخال اليومي'!$L19:$AA19>0)*('الإدخال اليومي'!$L$3:$AA$3>=MAX(الإعدادات!$B$10+1,N(J45)))*('الإدخال اليومي'!$L$3:$AA$3<=الإعدادات!$B$2))) -> 17 | M45: =IF($B45="","",IF(C45="امازون","",(IFERROR(INDEX(الإعدادات!$B$19:$B$22,MATCH(C45,الإعدادات!$A$19:$A$22,0)),الإعدادات!$B$3)/الإعدادات!$B$4)*L45)) -> 255 | N45: =IF($B45="","",IF(OR(M45="",M45=0),"",F45/M45)) -> 1.4078431 | O45: =IF($B45="","",IF(OR(C45="امازون",L45=0),"",ROUND(F45/L45*الإعدادات!$B$4,0))) -> 634 | P45: =IF($B45="","",IF('الإدخال اليومي'!AF19="لا يعمل","مستبعد (ترك العمل)",IF('الإدخال اليومي'!AF19="اجازه","مستبعد (اجازة)",IF(C45="امازون","امازون (شحنات)",IF(L45=0,"مستبعد (لم يعمل)",IF(F45>=M45,"حقق",IF(F45>=M45*الإعدادات!$B$8,"قريب","بعيد"))))))) -> حقق | Q45: =IF($B45="","",TRIM('الإدخال اليومي'!H19&IF(N('الإدخال اليومي'!AC19)>0," | + "&'الإدخال اليومي'!AC19&" طلب من "&'الإدخال اليومي'!AB19&" (محسوبة في الإجمالي)",""))) | R45: =IF($B45="",0,SUBTOTAL(103,B45)) -> 1 | S45: =IF($B45="","",IF('الإدخال اليومي'!AF19="","يعمل",'الإدخال اليومي'!AF19)) -> يعمل
A46: =IF('الإدخال اليومي'!$B20="","",IF('الإدخال اليومي'!A20="","",'الإدخال اليومي'!A20)) -> 2556809818 | B46: =IF('الإدخال اليومي'!$B20="","",IF('الإدخال اليومي'!B20="","",'الإدخال اليومي'!B20)) -> Md TAREQ Islam | C46: =IF('الإدخال اليومي'!$B20="","",IF('الإدخال اليومي'!C20="","",'الإدخال اليومي'!C20)) -> كيتا | D46: =IF($B46="","",16) -> 16 | E46: =IF('الإدخال اليومي'!$B20="","",IF('الإدخال اليومي'!AD20="","",'الإدخال اليومي'!AD20)) -> كفالة | F46: =IF($B46="","",'الإدخال اليومي'!I20) -> 358 | G46: =IF($B46="","",IF(N('الإدخال اليومي'!AG20)=0,"",'الإدخال اليومي'!AG20)) | H46: =IF('الإدخال اليومي'!$B20="","",IF('الإدخال اليومي'!AE20="","",'الإدخال اليومي'!AE20)) -> محمود خطاب | I46: =IF($B46="","",IFERROR(INDEX('الإدخال اليومي'!K20:AA20,MATCH(الإعدادات!$B$2,'الإدخال اليومي'!$K$3:$AA$3,0)),0)) -> 19 | J46: =IF('الإدخال اليومي'!$B20="","",IF('الإدخال اليومي'!F20="","",'الإدخال اليومي'!F20)) -> 45924 | K46: =IF($B46="","",N('الإدخال اليومي'!G20)+MAX(0,الإعدادات!$B$2-MAX(الإعدادات!$B$10+1,N(J46))+1)-SUMPRODUCT(('الإدخال اليومي'!$L20:$AA20>0)*('الإدخال اليومي'!$L$3:$AA$3>=MAX(الإعدادات!$B$10+1,N(J46)))*('الإدخال اليومي'!$L$3:$AA$3<=الإعدادات!$B$2))) -> 0 | L46: =IF($B46="","",MAX(0,الإعدادات!$B$10-IF(J46="",الإعدادات!$B$9,MAX(J46,الإعدادات!$B$9))+1-N('الإدخال اليومي'!G20))+SUMPRODUCT(('الإدخال اليومي'!$L20:$AA20>0)*('الإدخال اليومي'!$L$3:$AA$3>=MAX(الإعدادات!$B$10+1,N(J46)))*('الإدخال اليومي'!$L$3:$AA$3<=الإعدادات!$B$2))) -> 17 | M46: =IF($B46="","",IF(C46="امازون","",(IFERROR(INDEX(الإعدادات!$B$19:$B$22,MATCH(C46,الإعدادات!$A$19:$A$22,0)),الإعدادات!$B$3)/الإعدادات!$B$4)*L46)) -> 255 | N46: =IF($B46="","",IF(OR(M46="",M46=0),"",F46/M46)) -> 1.4039216 | O46: =IF($B46="","",IF(OR(C46="امازون",L46=0),"",ROUND(F46/L46*الإعدادات!$B$4,0))) -> 632 | P46: =IF($B46="","",IF('الإدخال اليومي'!AF20="لا يعمل","مستبعد (ترك العمل)",IF('الإدخال اليومي'!AF20="اجازه","مستبعد (اجازة)",IF(C46="امازون","امازون (شحنات)",IF(L46=0,"مستبعد (لم يعمل)",IF(F46>=M46,"حقق",IF(F46>=M46*الإعدادات!$B$8,"قريب","بعيد"))))))) -> حقق | Q46: =IF($B46="","",TRIM('الإدخال اليومي'!H20&IF(N('الإدخال اليومي'!AC20)>0," | + "&'الإدخال اليومي'!AC20&" طلب من "&'الإدخال اليومي'!AB20&" (محسوبة في الإجمالي)",""))) | R46: =IF($B46="",0,SUBTOTAL(103,B46)) -> 1 | S46: =IF($B46="","",IF('الإدخال اليومي'!AF20="","يعمل",'الإدخال اليومي'!AF20)) -> يعمل
A47: =IF('الإدخال اليومي'!$B21="","",IF('الإدخال اليومي'!A21="","",'الإدخال اليومي'!A21)) -> 2569644772 | B47: =IF('الإدخال اليومي'!$B21="","",IF('الإدخال اليومي'!B21="","",'الإدخال اليومي'!B21)) -> MD Yousuf Hossain Masum | C47: =IF('الإدخال اليومي'!$B21="","",IF('الإدخال اليومي'!C21="","",'الإدخال اليومي'!C21)) -> كيتا | D47: =IF($B47="","",17) -> 17 | E47: =IF('الإدخال اليومي'!$B21="","",IF('الإدخال اليومي'!AD21="","",'الإدخال اليومي'!AD21)) -> فري لانسر | F47: =IF($B47="","",'الإدخال اليومي'!I21) -> 370 | G47: =IF($B47="","",IF(N('الإدخال اليومي'!AG21)=0,"",'الإدخال اليومي'!AG21)) | H47: =IF('الإدخال اليومي'!$B21="","",IF('الإدخال اليومي'!AE21="","",'الإدخال اليومي'!AE21)) -> خالد عباس | I47: =IF($B47="","",IFERROR(INDEX('الإدخال اليومي'!K21:AA21,MATCH(الإعدادات!$B$2,'الإدخال اليومي'!$K$3:$AA$3,0)),0)) -> 26 | J47: =IF('الإدخال اليومي'!$B21="","",IF('الإدخال اليومي'!F21="","",'الإدخال اليومي'!F21)) -> 46204 | K47: =IF($B47="","",N('الإدخال اليومي'!G21)+MAX(0,الإعدادات!$B$2-MAX(الإعدادات!$B$10+1,N(J47))+1)-SUMPRODUCT(('الإدخال اليومي'!$L21:$AA21>0)*('الإدخال اليومي'!$L$3:$AA$3>=MAX(الإعدادات!$B$10+1,N(J47)))*('الإدخال اليومي'!$L$3:$AA$3<=الإعدادات!$B$2))) -> 0 | L47: =IF($B47="","",MAX(0,الإعدادات!$B$10-IF(J47="",الإعدادات!$B$9,MAX(J47,الإعدادات!$B$9))+1-N('الإدخال اليومي'!G21))+SUMPRODUCT(('الإدخال اليومي'!$L21:$AA21>0)*('الإدخال اليومي'!$L$3:$AA$3>=MAX(الإعدادات!$B$10+1,N(J47)))*('الإدخال اليومي'!$L$3:$AA$3<=الإعدادات!$B$2))) -> 17 | M47: =IF($B47="","",IF(C47="امازون","",(IFERROR(INDEX(الإعدادات!$B$19:$B$22,MATCH(C47,الإعدادات!$A$19:$A$22,0)),الإعدادات!$B$3)/الإعدادات!$B$4)*L47)) -> 255 | N47: =IF($B47="","",IF(OR(M47="",M47=0),"",F47/M47)) -> 1.4509804 | O47: =IF($B47="","",IF(OR(C47="امازون",L47=0),"",ROUND(F47/L47*الإعدادات!$B$4,0))) -> 653 | P47: =IF($B47="","",IF('الإدخال اليومي'!AF21="لا يعمل","مستبعد (ترك العمل)",IF('الإدخال اليومي'!AF21="اجازه","مستبعد (اجازة)",IF(C47="امازون","امازون (شحنات)",IF(L47=0,"مستبعد (لم يعمل)",IF(F47>=M47,"حقق",IF(F47>=M47*الإعدادات!$B$8,"قريب","بعيد"))))))) -> حقق | Q47: =IF($B47="","",TRIM('الإدخال اليومي'!H21&IF(N('الإدخال اليومي'!AC21)>0," | + "&'الإدخال اليومي'!AC21&" طلب من "&'الإدخال اليومي'!AB21&" (محسوبة في الإجمالي)",""))) | R47: =IF($B47="",0,SUBTOTAL(103,B47)) -> 1 | S47: =IF($B47="","",IF('الإدخال اليومي'!AF21="","يعمل",'الإدخال اليومي'!AF21)) -> يعمل
A48: =IF('الإدخال اليومي'!$B22="","",IF('الإدخال اليومي'!A22="","",'الإدخال اليومي'!A22)) -> 2555618202 | B48: =IF('الإدخال اليومي'!$B22="","",IF('الإدخال اليومي'!B22="","",'الإدخال اليومي'!B22)) -> GOMAA | C48: =IF('الإدخال اليومي'!$B22="","",IF('الإدخال اليومي'!C22="","",'الإدخال اليومي'!C22)) -> كيتا | D48: =IF($B48="","",18) -> 18 | E48: =IF('الإدخال اليومي'!$B22="","",IF('الإدخال اليومي'!AD22="","",'الإدخال اليومي'!AD22)) -> كفالة | F48: =IF($B48="","",'الإدخال اليومي'!I22) -> 356 | G48: =IF($B48="","",IF(N('الإدخال اليومي'!AG22)=0,"",'الإدخال اليومي'!AG22)) | H48: =IF('الإدخال اليومي'!$B22="","",IF('الإدخال اليومي'!AE22="","",'الإدخال اليومي'!AE22)) -> محمود خطاب | I48: =IF($B48="","",IFERROR(INDEX('الإدخال اليومي'!K22:AA22,MATCH(الإعدادات!$B$2,'الإدخال اليومي'!$K$3:$AA$3,0)),0)) -> 19 | J48: =IF('الإدخال اليومي'!$B22="","",IF('الإدخال اليومي'!F22="","",'الإدخال اليومي'!F22)) -> 45322 | K48: =IF($B48="","",N('الإدخال اليومي'!G22)+MAX(0,الإعدادات!$B$2-MAX(الإعدادات!$B$10+1,N(J48))+1)-SUMPRODUCT(('الإدخال اليومي'!$L22:$AA22>0)*('الإدخال اليومي'!$L$3:$AA$3>=MAX(الإعدادات!$B$10+1,N(J48)))*('الإدخال اليومي'!$L$3:$AA$3<=الإعدادات!$B$2))) -> 0 | L48: =IF($B48="","",MAX(0,الإعدادات!$B$10-IF(J48="",الإعدادات!$B$9,MAX(J48,الإعدادات!$B$9))+1-N('الإدخال اليومي'!G22))+SUMPRODUCT(('الإدخال اليومي'!$L22:$AA22>0)*('الإدخال اليومي'!$L$3:$AA$3>=MAX(الإعدادات!$B$10+1,N(J48)))*('الإدخال اليومي'!$L$3:$AA$3<=الإعدادات!$B$2))) -> 17 | M48: =IF($B48="","",IF(C48="امازون","",(IFERROR(INDEX(الإعدادات!$B$19:$B$22,MATCH(C48,الإعدادات!$A$19:$A$22,0)),الإعدادات!$B$3)/الإعدادات!$B$4)*L48)) -> 255 | N48: =IF($B48="","",IF(OR(M48="",M48=0),"",F48/M48)) -> 1.3960784 | O48: =IF($B48="","",IF(OR(C48="امازون",L48=0),"",ROUND(F48/L48*الإعدادات!$B$4,0))) -> 628 | P48: =IF($B48="","",IF('الإدخال اليومي'!AF22="لا يعمل","مستبعد (ترك العمل)",IF('الإدخال اليومي'!AF22="اجازه","مستبعد (اجازة)",IF(C48="امازون","امازون (شحنات)",IF(L48=0,"مستبعد (لم يعمل)",IF(F48>=M48,"حقق",IF(F48>=M48*الإعدادات!$B$8,"قريب","بعيد"))))))) -> حقق | Q48: =IF($B48="","",TRIM('الإدخال اليومي'!H22&IF(N('الإدخال اليومي'!AC22)>0," | + "&'الإدخال اليومي'!AC22&" طلب من "&'الإدخال اليومي'!AB22&" (محسوبة في الإجمالي)",""))) | R48: =IF($B48="",0,SUBTOTAL(103,B48)) -> 1 | S48: =IF($B48="","",IF('الإدخال اليومي'!AF22="","يعمل",'الإدخال اليومي'!AF22)) -> يعمل
A49: =IF('الإدخال اليومي'!$B23="","",IF('الإدخال اليومي'!A23="","",'الإدخال اليومي'!A23)) -> 2577075902 | B49: =IF('الإدخال اليومي'!$B23="","",IF('الإدخال اليومي'!B23="","",'الإدخال اليومي'!B23)) -> MAHMOUDE KHALEFA | C49: =IF('الإدخال اليومي'!$B23="","",IF('الإدخال اليومي'!C23="","",'الإدخال اليومي'!C23)) -> كيتا | D49: =IF($B49="","",19) -> 19 | E49: =IF('الإدخال اليومي'!$B23="","",IF('الإدخال اليومي'!AD23="","",'الإدخال اليومي'!AD23)) -> كفالة | F49: =IF($B49="","",'الإدخال اليومي'!I23) -> 357 | G49: =IF($B49="","",IF(N('الإدخال اليومي'!AG23)=0,"",'الإدخال اليومي'!AG23)) | H49: =IF('الإدخال اليومي'!$B23="","",IF('الإدخال اليومي'!AE23="","",'الإدخال اليومي'!AE23)) -> محمود خطاب | I49: =IF($B49="","",IFERROR(INDEX('الإدخال اليومي'!K23:AA23,MATCH(الإعدادات!$B$2,'الإدخال اليومي'!$K$3:$AA$3,0)),0)) -> 20 | J49: =IF('الإدخال اليومي'!$B23="","",IF('الإدخال اليومي'!F23="","",'الإدخال اليومي'!F23)) -> 46138 | K49: =IF($B49="","",N('الإدخال اليومي'!G23)+MAX(0,الإعدادات!$B$2-MAX(الإعدادات!$B$10+1,N(J49))+1)-SUMPRODUCT(('الإدخال اليومي'!$L23:$AA23>0)*('الإدخال اليومي'!$L$3:$AA$3>=MAX(الإعدادات!$B$10+1,N(J49)))*('الإدخال اليومي'!$L$3:$AA$3<=الإعدادات!$B$2))) -> 0 | L49: =IF($B49="","",MAX(0,الإعدادات!$B$10-IF(J49="",الإعدادات!$B$9,MAX(J49,الإعدادات!$B$9))+1-N('الإدخال اليومي'!G23))+SUMPRODUCT(('الإدخال اليومي'!$L23:$AA23>0)*('الإدخال اليومي'!$L$3:$AA$3>=MAX(الإعدادات!$B$10+1,N(J49)))*('الإدخال اليومي'!$L$3:$AA$3<=الإعدادات!$B$2))) -> 17 | M49: =IF($B49="","",IF(C49="امازون","",(IFERROR(INDEX(الإعدادات!$B$19:$B$22,MATCH(C49,الإعدادات!$A$19:$A$22,0)),الإعدادات!$B$3)/الإعدادات!$B$4)*L49)) -> 255 | N49: =IF($B49="","",IF(OR(M49="",M49=0),"",F49/M49)) -> 1.4 | O49: =IF($B49="","",IF(OR(C49="امازون",L49=0),"",ROUND(F49/L49*الإعدادات!$B$4,0))) -> 630 | P49: =IF($B49="","",IF('الإدخال اليومي'!AF23="لا يعمل","مستبعد (ترك العمل)",IF('الإدخال اليومي'!AF23="اجازه","مستبعد (اجازة)",IF(C49="امازون","امازون (شحنات)",IF(L49=0,"مستبعد (لم يعمل)",IF(F49>=M49,"حقق",IF(F49>=M49*الإعدادات!$B$8,"قريب","بعيد"))))))) -> حقق | Q49: =IF($B49="","",TRIM('الإدخال اليومي'!H23&IF(N('الإدخال اليومي'!AC23)>0," | + "&'الإدخال اليومي'!AC23&" طلب من "&'الإدخال اليومي'!AB23&" (محسوبة في الإجمالي)",""))) | R49: =IF($B49="",0,SUBTOTAL(103,B49)) -> 1 | S49: =IF($B49="","",IF('الإدخال اليومي'!AF23="","يعمل",'الإدخال اليومي'!AF23)) -> يعمل
A50: =IF('الإدخال اليومي'!$B24="","",IF('الإدخال اليومي'!A24="","",'الإدخال اليومي'!A24)) -> 2581749112 | B50: =IF('الإدخال اليومي'!$B24="","",IF('الإدخال اليومي'!B24="","",'الإدخال اليومي'!B24)) -> abdelhamid | C50: =IF('الإدخال اليومي'!$B24="","",IF('الإدخال اليومي'!C24="","",'الإدخال اليومي'!C24)) -> كيتا | D50: =IF($B50="","",20) -> 20 | E50: =IF('الإدخال اليومي'!$B24="","",IF('الإدخال اليومي'!AD24="","",'الإدخال اليومي'!AD24)) -> فري لانسر | F50: =IF($B50="","",'الإدخال اليومي'!I24) -> 360 | G50: =IF($B50="","",IF(N('الإدخال اليومي'!AG24)=0,"",'الإدخال اليومي'!AG24)) | H50: =IF('الإدخال اليومي'!$B24="","",IF('الإدخال اليومي'!AE24="","",'الإدخال اليومي'!AE24)) -> خالد عباس | I50: =IF($B50="","",IFERROR(INDEX('الإدخال اليومي'!K24:AA24,MATCH(الإعدادات!$B$2,'الإدخال اليومي'!$K$3:$AA$3,0)),0)) -> 18 | J50: =IF('الإدخال اليومي'!$B24="","",IF('الإدخال اليومي'!F24="","",'الإدخال اليومي'!F24)) -> 46204 | K50: =IF($B50="","",N('الإدخال اليومي'!G24)+MAX(0,الإعدادات!$B$2-MAX(الإعدادات!$B$10+1,N(J50))+1)-SUMPRODUCT(('الإدخال اليومي'!$L24:$AA24>0)*('الإدخال اليومي'!$L$3:$AA$3>=MAX(الإعدادات!$B$10+1,N(J50)))*('الإدخال اليومي'!$L$3:$AA$3<=الإعدادات!$B$2))) -> 0 | L50: =IF($B50="","",MAX(0,الإعدادات!$B$10-IF(J50="",الإعدادات!$B$9,MAX(J50,الإعدادات!$B$9))+1-N('الإدخال اليومي'!G24))+SUMPRODUCT(('الإدخال اليومي'!$L24:$AA24>0)*('الإدخال اليومي'!$L$3:$AA$3>=MAX(الإعدادات!$B$10+1,N(J50)))*('الإدخال اليومي'!$L$3:$AA$3<=الإعدادات!$B$2))) -> 17 | M50: =IF($B50="","",IF(C50="امازون","",(IFERROR(INDEX(الإعدادات!$B$19:$B$22,MATCH(C50,الإعدادات!$A$19:$A$22,0)),الإعدادات!$B$3)/الإعدادات!$B$4)*L50)) -> 255 | N50: =IF($B50="","",IF(OR(M50="",M50=0),"",F50/M50)) -> 1.4117647 | O50: =IF($B50="","",IF(OR(C50="امازون",L50=0),"",ROUND(F50/L50*الإعدادات!$B$4,0))) -> 635 | P50: =IF($B50="","",IF('الإدخال اليومي'!AF24="لا يعمل","مستبعد (ترك العمل)",IF('الإدخال اليومي'!AF24="اجازه","مستبعد (اجازة)",IF(C50="امازون","امازون (شحنات)",IF(L50=0,"مستبعد (لم يعمل)",IF(F50>=M50,"حقق",IF(F50>=M50*الإعدادات!$B$8,"قريب","بعيد"))))))) -> حقق | Q50: =IF($B50="","",TRIM('الإدخال اليومي'!H24&IF(N('الإدخال اليومي'!AC24)>0," | + "&'الإدخال اليومي'!AC24&" طلب من "&'الإدخال اليومي'!AB24&" (محسوبة في الإجمالي)",""))) | R50: =IF($B50="",0,SUBTOTAL(103,B50)) -> 1 | S50: =IF($B50="","",IF('الإدخال اليومي'!AF24="","يعمل",'الإدخال اليومي'!AF24)) -> يعمل
A51: =IF('الإدخال اليومي'!$B25="","",IF('الإدخال اليومي'!A25="","",'الإدخال اليومي'!A25)) -> 2616746968 | B51: =IF('الإدخال اليومي'!$B25="","",IF('الإدخال اليومي'!B25="","",'الإدخال اليومي'!B25)) -> محمد نبوي | C51: =IF('الإدخال اليومي'!$B25="","",IF('الإدخال اليومي'!C25="","",'الإدخال اليومي'!C25)) -> كيتا | D51: =IF($B51="","",21) -> 21 | E51: =IF('الإدخال اليومي'!$B25="","",IF('الإدخال اليومي'!AD25="","",'الإدخال اليومي'!AD25)) -> فري لانسر | F51: =IF($B51="","",'الإدخال اليومي'!I25) -> 332 | G51: =IF($B51="","",IF(N('الإدخال اليومي'!AG25)=0,"",'الإدخال اليومي'!AG25)) | H51: =IF('الإدخال اليومي'!$B25="","",IF('الإدخال اليومي'!AE25="","",'الإدخال اليومي'!AE25)) -> خالد عباس | I51: =IF($B51="","",IFERROR(INDEX('الإدخال اليومي'!K25:AA25,MATCH(الإعدادات!$B$2,'الإدخال اليومي'!$K$3:$AA$3,0)),0)) -> 4 | J51: =IF('الإدخال اليومي'!$B25="","",IF('الإدخال اليومي'!F25="","",'الإدخال اليومي'!F25)) -> 46256 | K51: =IF($B51="","",N('الإدخال اليومي'!G25)+MAX(0,الإعدادات!$B$2-MAX(الإعدادات!$B$10+1,N(J51))+1)-SUMPRODUCT(('الإدخال اليومي'!$L25:$AA25>0)*('الإدخال اليومي'!$L$3:$AA$3>=MAX(الإعدادات!$B$10+1,N(J51)))*('الإدخال اليومي'!$L$3:$AA$3<=الإعدادات!$B$2))) -> 0 | L51: =IF($B51="","",MAX(0,الإعدادات!$B$10-IF(J51="",الإعدادات!$B$9,MAX(J51,الإعدادات!$B$9))+1-N('الإدخال اليومي'!G25))+SUMPRODUCT(('الإدخال اليومي'!$L25:$AA25>0)*('الإدخال اليومي'!$L$3:$AA$3>=MAX(الإعدادات!$B$10+1,N(J51)))*('الإدخال اليومي'!$L$3:$AA$3<=الإعدادات!$B$2))) -> 17 | M51: =IF($B51="","",IF(C51="امازون","",(IFERROR(INDEX(الإعدادات!$B$19:$B$22,MATCH(C51,الإعدادات!$A$19:$A$22,0)),الإعدادات!$B$3)/الإعدادات!$B$4)*L51)) -> 255 | N51: =IF($B51="","",IF(OR(M51="",M51=0),"",F51/M51)) -> 1.3019608 | O51: =IF($B51="","",IF(OR(C51="امازون",L51=0),"",ROUND(F51/L51*الإعدادات!$B$4,0))) -> 586 | P51: =IF($B51="","",IF('الإدخال اليومي'!AF25="لا يعمل","مستبعد (ترك العمل)",IF('الإدخال اليومي'!AF25="اجازه","مستبعد (اجازة)",IF(C51="امازون","امازون (شحنات)",IF(L51=0,"مستبعد (لم يعمل)",IF(F51>=M51,"حقق",IF(F51>=M51*الإعدادات!$B$8,"قريب","بعيد"))))))) -> حقق | Q51: =IF($B51="","",TRIM('الإدخال اليومي'!H25&IF(N('الإدخال اليومي'!AC25)>0," | + "&'الإدخال اليومي'!AC25&" طلب من "&'الإدخال اليومي'!AB25&" (محسوبة في الإجمالي)",""))) | R51: =IF($B51="",0,SUBTOTAL(103,B51)) -> 1 | S51: =IF($B51="","",IF('الإدخال اليومي'!AF25="","يعمل",'الإدخال اليومي'!AF25)) -> يعمل
A52: =IF('الإدخال اليومي'!$B26="","",IF('الإدخال اليومي'!A26="","",'الإدخال اليومي'!A26)) -> 2589023700 | B52: =IF('الإدخال اليومي'!$B26="","",IF('الإدخال اليومي'!B26="","",'الإدخال اليومي'!B26)) -> HASINUR ISLAM BADON | C52: =IF('الإدخال اليومي'!$B26="","",IF('الإدخال اليومي'!C26="","",'الإدخال اليومي'!C26)) -> كيتا | D52: =IF($B52="","",22) -> 22 | E52: =IF('الإدخال اليومي'!$B26="","",IF('الإدخال اليومي'!AD26="","",'الإدخال اليومي'!AD26)) -> فري لانسر | F52: =IF($B52="","",'الإدخال اليومي'!I26) -> 355 | G52: =IF($B52="","",IF(N('الإدخال اليومي'!AG26)=0,"",'الإدخال اليومي'!AG26)) | H52: =IF('الإدخال اليومي'!$B26="","",IF('الإدخال اليومي'!AE26="","",'الإدخال اليومي'!AE26)) -> خالد عباس | I52: =IF($B52="","",IFERROR(INDEX('الإدخال اليومي'!K26:AA26,MATCH(الإعدادات!$B$2,'الإدخال اليومي'!$K$3:$AA$3,0)),0)) -> 19 | J52: =IF('الإدخال اليومي'!$B26="","",IF('الإدخال اليومي'!F26="","",'الإدخال اليومي'!F26)) -> 46204 | K52: =IF($B52="","",N('الإدخال اليومي'!G26)+MAX(0,الإعدادات!$B$2-MAX(الإعدادات!$B$10+1,N(J52))+1)-SUMPRODUCT(('الإدخال اليومي'!$L26:$AA26>0)*('الإدخال اليومي'!$L$3:$AA$3>=MAX(الإعدادات!$B$10+1,N(J52)))*('الإدخال اليومي'!$L$3:$AA$3<=الإعدادات!$B$2))) -> 0 | L52: =IF($B52="","",MAX(0,الإعدادات!$B$10-IF(J52="",الإعدادات!$B$9,MAX(J52,الإعدادات!$B$9))+1-N('الإدخال اليومي'!G26))+SUMPRODUCT(('الإدخال اليومي'!$L26:$AA26>0)*('الإدخال اليومي'!$L$3:$AA$3>=MAX(الإعدادات!$B$10+1,N(J52)))*('الإدخال اليومي'!$L$3:$AA$3<=الإعدادات!$B$2))) -> 17 | M52: =IF($B52="","",IF(C52="امازون","",(IFERROR(INDEX(الإعدادات!$B$19:$B$22,MATCH(C52,الإعدادات!$A$19:$A$22,0)),الإعدادات!$B$3)/الإعدادات!$B$4)*L52)) -> 255 | N52: =IF($B52="","",IF(OR(M52="",M52=0),"",F52/M52)) -> 1.3921569 | O52: =IF($B52="","",IF(OR(C52="امازون",L52=0),"",ROUND(F52/L52*الإعدادات!$B$4,0))) -> 626 | P52: =IF($B52="","",IF('الإدخال اليومي'!AF26="لا يعمل","مستبعد (ترك العمل)",IF('الإدخال اليومي'!AF26="اجازه","مستبعد (اجازة)",IF(C52="امازون","امازون (شحنات)",IF(L52=0,"مستبعد (لم يعمل)",IF(F52>=M52,"حقق",IF(F52>=M52*الإعدادات!$B$8,"قريب","بعيد"))))))) -> حقق | Q52: =IF($B52="","",TRIM('الإدخال اليومي'!H26&IF(N('الإدخال اليومي'!AC26)>0," | + "&'الإدخال اليومي'!AC26&" طلب من "&'الإدخال اليومي'!AB26&" (محسوبة في الإجمالي)",""))) | R52: =IF($B52="",0,SUBTOTAL(103,B52)) -> 1 | S52: =IF($B52="","",IF('الإدخال اليومي'!AF26="","يعمل",'الإدخال اليومي'!AF26)) -> يعمل
A53: =IF('الإدخال اليومي'!$B27="","",IF('الإدخال اليومي'!A27="","",'الإدخال اليومي'!A27)) -> 2577457951 | B53: =IF('الإدخال اليومي'!$B27="","",IF('الإدخال اليومي'!B27="","",'الإدخال اليومي'!B27)) -> شميم مياه | C53: =IF('الإدخال اليومي'!$B27="","",IF('الإدخال اليومي'!C27="","",'الإدخال اليومي'!C27)) -> كيتا | D53: =IF($B53="","",23) -> 23 | E53: =IF('الإدخال اليومي'!$B27="","",IF('الإدخال اليومي'!AD27="","",'الإدخال اليومي'!AD27)) -> فري لانسر | F53: =IF($B53="","",'الإدخال اليومي'!I27) -> 364 | G53: =IF($B53="","",IF(N('الإدخال اليومي'!AG27)=0,"",'الإدخال اليومي'!AG27)) | H53: =IF('الإدخال اليومي'!$B27="","",IF('الإدخال اليومي'!AE27="","",'الإدخال اليومي'!AE27)) -> خالد عباس | I53: =IF($B53="","",IFERROR(INDEX('الإدخال اليومي'!K27:AA27,MATCH(الإعدادات!$B$2,'الإدخال اليومي'!$K$3:$AA$3,0)),0)) -> 24 | J53: =IF('الإدخال اليومي'!$B27="","",IF('الإدخال اليومي'!F27="","",'الإدخال اليومي'!F27)) -> 46204 | K53: =IF($B53="","",N('الإدخال اليومي'!G27)+MAX(0,الإعدادات!$B$2-MAX(الإعدادات!$B$10+1,N(J53))+1)-SUMPRODUCT(('الإدخال اليومي'!$L27:$AA27>0)*('الإدخال اليومي'!$L$3:$AA$3>=MAX(الإعدادات!$B$10+1,N(J53)))*('الإدخال اليومي'!$L$3:$AA$3<=الإعدادات!$B$2))) -> 0 | L53: =IF($B53="","",MAX(0,الإعدادات!$B$10-IF(J53="",الإعدادات!$B$9,MAX(J53,الإعدادات!$B$9))+1-N('الإدخال اليومي'!G27))+SUMPRODUCT(('الإدخال اليومي'!$L27:$AA27>0)*('الإدخال اليومي'!$L$3:$AA$3>=MAX(الإعدادات!$B$10+1,N(J53)))*('الإدخال اليومي'!$L$3:$AA$3<=الإعدادات!$B$2))) -> 17 | M53: =IF($B53="","",IF(C53="امازون","",(IFERROR(INDEX(الإعدادات!$B$19:$B$22,MATCH(C53,الإعدادات!$A$19:$A$22,0)),الإعدادات!$B$3)/الإعدادات!$B$4)*L53)) -> 255 | N53: =IF($B53="","",IF(OR(M53="",M53=0),"",F53/M53)) -> 1.427451 | O53: =IF($B53="","",IF(OR(C53="امازون",L53=0),"",ROUND(F53/L53*الإعدادات!$B$4,0))) -> 642 | P53: =IF($B53="","",IF('الإدخال اليومي'!AF27="لا يعمل","مستبعد (ترك العمل)",IF('الإدخال اليومي'!AF27="اجازه","مستبعد (اجازة)",IF(C53="امازون","امازون (شحنات)",IF(L53=0,"مستبعد (لم يعمل)",IF(F53>=M53,"حقق",IF(F53>=M53*الإعدادات!$B$8,"قريب","بعيد"))))))) -> حقق | Q53: =IF($B53="","",TRIM('الإدخال اليومي'!H27&IF(N('الإدخال اليومي'!AC27)>0," | + "&'الإدخال اليومي'!AC27&" طلب من "&'الإدخال اليومي'!AB27&" (محسوبة في الإجمالي)",""))) | R53: =IF($B53="",0,SUBTOTAL(103,B53)) -> 1 | S53: =IF($B53="","",IF('الإدخال اليومي'!AF27="","يعمل",'الإدخال اليومي'!AF27)) -> يعمل
A54: =IF('الإدخال اليومي'!$B28="","",IF('الإدخال اليومي'!A28="","",'الإدخال اليومي'!A28)) -> 2630928295 | B54: =IF('الإدخال اليومي'!$B28="","",IF('الإدخال اليومي'!B28="","",'الإدخال اليومي'!B28)) -> MD BARKAT ULLAH | C54: =IF('الإدخال اليومي'!$B28="","",IF('الإدخال اليومي'!C28="","",'الإدخال اليومي'!C28)) -> كيتا | D54: =IF($B54="","",24) -> 24 | E54: =IF('الإدخال اليومي'!$B28="","",IF('الإدخال اليومي'!AD28="","",'الإدخال اليومي'!AD28)) -> فري لانسر | F54: =IF($B54="","",'الإدخال اليومي'!I28) -> 353 | G54: =IF($B54="","",IF(N('الإدخال اليومي'!AG28)=0,"",'الإدخال اليومي'!AG28)) | H54: =IF('الإدخال اليومي'!$B28="","",IF('الإدخال اليومي'!AE28="","",'الإدخال اليومي'!AE28)) -> خالد عباس | I54: =IF($B54="","",IFERROR(INDEX('الإدخال اليومي'!K28:AA28,MATCH(الإعدادات!$B$2,'الإدخال اليومي'!$K$3:$AA$3,0)),0)) -> 24 | J54: =IF('الإدخال اليومي'!$B28="","",IF('الإدخال اليومي'!F28="","",'الإدخال اليومي'!F28)) -> 46204 | K54: =IF($B54="","",N('الإدخال اليومي'!G28)+MAX(0,الإعدادات!$B$2-MAX(الإعدادات!$B$10+1,N(J54))+1)-SUMPRODUCT(('الإدخال اليومي'!$L28:$AA28>0)*('الإدخال اليومي'!$L$3:$AA$3>=MAX(الإعدادات!$B$10+1,N(J54)))*('الإدخال اليومي'!$L$3:$AA$3<=الإعدادات!$B$2))) -> 0 | L54: =IF($B54="","",MAX(0,الإعدادات!$B$10-IF(J54="",الإعدادات!$B$9,MAX(J54,الإعدادات!$B$9))+1-N('الإدخال اليومي'!G28))+SUMPRODUCT(('الإدخال اليومي'!$L28:$AA28>0)*('الإدخال اليومي'!$L$3:$AA$3>=MAX(الإعدادات!$B$10+1,N(J54)))*('الإدخال اليومي'!$L$3:$AA$3<=الإعدادات!$B$2))) -> 17 | M54: =IF($B54="","",IF(C54="امازون","",(IFERROR(INDEX(الإعدادات!$B$19:$B$22,MATCH(C54,الإعدادات!$A$19:$A$22,0)),الإعدادات!$B$3)/الإعدادات!$B$4)*L54)) -> 255 | N54: =IF($B54="","",IF(OR(M54="",M54=0),"",F54/M54)) -> 1.3843137 | O54: =IF($B54="","",IF(OR(C54="امازون",L54=0),"",ROUND(F54/L54*الإعدادات!$B$4,0))) -> 623 | P54: =IF($B54="","",IF('الإدخال اليومي'!AF28="لا يعمل","مستبعد (ترك العمل)",IF('الإدخال اليومي'!AF28="اجازه","مستبعد (اجازة)",IF(C54="امازون","امازون (شحنات)",IF(L54=0,"مستبعد (لم يعمل)",IF(F54>=M54,"حقق",IF(F54>=M54*الإعدادات!$B$8,"قريب","بعيد"))))))) -> حقق | Q54: =IF($B54="","",TRIM('الإدخال اليومي'!H28&IF(N('الإدخال اليومي'!AC28)>0," | + "&'الإدخال اليومي'!AC28&" طلب من "&'الإدخال اليومي'!AB28&" (محسوبة في الإجمالي)",""))) | R54: =IF($B54="",0,SUBTOTAL(103,B54)) -> 1 | S54: =IF($B54="","",IF('الإدخال اليومي'!AF28="","يعمل",'الإدخال اليومي'!AF28)) -> يعمل
A55: =IF('الإدخال اليومي'!$B29="","",IF('الإدخال اليومي'!A29="","",'الإدخال اليومي'!A29)) -> 2607007255 | B55: =IF('الإدخال اليومي'!$B29="","",IF('الإدخال اليومي'!B29="","",'الإدخال اليومي'!B29)) -> MD ZAHIDUL ISLAM | C55: =IF('الإدخال اليومي'!$B29="","",IF('الإدخال اليومي'!C29="","",'الإدخال اليومي'!C29)) -> كيتا | D55: =IF($B55="","",25) -> 25 | E55: =IF('الإدخال اليومي'!$B29="","",IF('الإدخال اليومي'!AD29="","",'الإدخال اليومي'!AD29)) -> فري لانسر | F55: =IF($B55="","",'الإدخال اليومي'!I29) -> 353 | G55: =IF($B55="","",IF(N('الإدخال اليومي'!AG29)=0,"",'الإدخال اليومي'!AG29)) | H55: =IF('الإدخال اليومي'!$B29="","",IF('الإدخال اليومي'!AE29="","",'الإدخال اليومي'!AE29)) -> خالد عباس | I55: =IF($B55="","",IFERROR(INDEX('الإدخال اليومي'!K29:AA29,MATCH(الإعدادات!$B$2,'الإدخال اليومي'!$K$3:$AA$3,0)),0)) -> 25 | J55: =IF('الإدخال اليومي'!$B29="","",IF('الإدخال اليومي'!F29="","",'الإدخال اليومي'!F29)) -> 46247 | K55: =IF($B55="","",N('الإدخال اليومي'!G29)+MAX(0,الإعدادات!$B$2-MAX(الإعدادات!$B$10+1,N(J55))+1)-SUMPRODUCT(('الإدخال اليومي'!$L29:$AA29>0)*('الإدخال اليومي'!$L$3:$AA$3>=MAX(الإعدادات!$B$10+1,N(J55)))*('الإدخال اليومي'!$L$3:$AA$3<=الإعدادات!$B$2))) -> 0 | L55: =IF($B55="","",MAX(0,الإعدادات!$B$10-IF(J55="",الإعدادات!$B$9,MAX(J55,الإعدادات!$B$9))+1-N('الإدخال اليومي'!G29))+SUMPRODUCT(('الإدخال اليومي'!$L29:$AA29>0)*('الإدخال اليومي'!$L$3:$AA$3>=MAX(الإعدادات!$B$10+1,N(J55)))*('الإدخال اليومي'!$L$3:$AA$3<=الإعدادات!$B$2))) -> 17 | M55: =IF($B55="","",IF(C55="امازون","",(IFERROR(INDEX(الإعدادات!$B$19:$B$22,MATCH(C55,الإعدادات!$A$19:$A$22,0)),الإعدادات!$B$3)/الإعدادات!$B$4)*L55)) -> 255 | N55: =IF($B55="","",IF(OR(M55="",M55=0),"",F55/M55)) -> 1.3843137 | O55: =IF($B55="","",IF(OR(C55="امازون",L55=0),"",ROUND(F55/L55*الإعدادات!$B$4,0))) -> 623 | P55: =IF($B55="","",IF('الإدخال اليومي'!AF29="لا يعمل","مستبعد (ترك العمل)",IF('الإدخال اليومي'!AF29="اجازه","مستبعد (اجازة)",IF(C55="امازون","امازون (شحنات)",IF(L55=0,"مستبعد (لم يعمل)",IF(F55>=M55,"حقق",IF(F55>=M55*الإعدادات!$B$8,"قريب","بعيد"))))))) -> حقق | Q55: =IF($B55="","",TRIM('الإدخال اليومي'!H29&IF(N('الإدخال اليومي'!AC29)>0," | + "&'الإدخال اليومي'!AC29&" طلب من "&'الإدخال اليومي'!AB29&" (محسوبة في الإجمالي)",""))) | R55: =IF($B55="",0,SUBTOTAL(103,B55)) -> 1 | S55: =IF($B55="","",IF('الإدخال اليومي'!AF29="","يعمل",'الإدخال اليومي'!AF29)) -> يعمل
A56: =IF('الإدخال اليومي'!$B30="","",IF('الإدخال اليومي'!A30="","",'الإدخال اليومي'!A30)) -> 2570719415 | B56: =IF('الإدخال اليومي'!$B30="","",IF('الإدخال اليومي'!B30="","",'الإدخال اليومي'!B30)) -> Laden Sekh | C56: =IF('الإدخال اليومي'!$B30="","",IF('الإدخال اليومي'!C30="","",'الإدخال اليومي'!C30)) -> كيتا | D56: =IF($B56="","",26) -> 26 | E56: =IF('الإدخال اليومي'!$B30="","",IF('الإدخال اليومي'!AD30="","",'الإدخال اليومي'!AD30)) -> كفالة | F56: =IF($B56="","",'الإدخال اليومي'!I30) -> 349 | G56: =IF($B56="","",IF(N('الإدخال اليومي'!AG30)=0,"",'الإدخال اليومي'!AG30)) | H56: =IF('الإدخال اليومي'!$B30="","",IF('الإدخال اليومي'!AE30="","",'الإدخال اليومي'!AE30)) -> محمود خطاب | I56: =IF($B56="","",IFERROR(INDEX('الإدخال اليومي'!K30:AA30,MATCH(الإعدادات!$B$2,'الإدخال اليومي'!$K$3:$AA$3,0)),0)) -> 25 | J56: =IF('الإدخال اليومي'!$B30="","",IF('الإدخال اليومي'!F30="","",'الإدخال اليومي'!F30)) -> 45443 | K56: =IF($B56="","",N('الإدخال اليومي'!G30)+MAX(0,الإعدادات!$B$2-MAX(الإعدادات!$B$10+1,N(J56))+1)-SUMPRODUCT(('الإدخال اليومي'!$L30:$AA30>0)*('الإدخال اليومي'!$L$3:$AA$3>=MAX(الإعدادات!$B$10+1,N(J56)))*('الإدخال اليومي'!$L$3:$AA$3<=الإعدادات!$B$2))) -> 0 | L56: =IF($B56="","",MAX(0,الإعدادات!$B$10-IF(J56="",الإعدادات!$B$9,MAX(J56,الإعدادات!$B$9))+1-N('الإدخال اليومي'!G30))+SUMPRODUCT(('الإدخال اليومي'!$L30:$AA30>0)*('الإدخال اليومي'!$L$3:$AA$3>=MAX(الإعدادات!$B$10+1,N(J56)))*('الإدخال اليومي'!$L$3:$AA$3<=الإعدادات!$B$2))) -> 17 | M56: =IF($B56="","",IF(C56="امازون","",(IFERROR(INDEX(الإعدادات!$B$19:$B$22,MATCH(C56,الإعدادات!$A$19:$A$22,0)),الإعدادات!$B$3)/الإعدادات!$B$4)*L56)) -> 255 | N56: =IF($B56="","",IF(OR(M56="",M56=0),"",F56/M56)) -> 1.3686275 | O56: =IF($B56="","",IF(OR(C56="امازون",L56=0),"",ROUND(F56/L56*الإعدادات!$B$4,0))) -> 616 | P56: =IF($B56="","",IF('الإدخال اليومي'!AF30="لا يعمل","مستبعد (ترك العمل)",IF('الإدخال اليومي'!AF30="اجازه","مستبعد (اجازة)",IF(C56="امازون","امازون (شحنات)",IF(L56=0,"مستبعد (لم يعمل)",IF(F56>=M56,"حقق",IF(F56>=M56*الإعدادات!$B$8,"قريب","بعيد"))))))) -> حقق | Q56: =IF($B56="","",TRIM('الإدخال اليومي'!H30&IF(N('الإدخال اليومي'!AC30)>0," | + "&'الإدخال اليومي'!AC30&" طلب من "&'الإدخال اليومي'!AB30&" (محسوبة في الإجمالي)",""))) | R56: =IF($B56="",0,SUBTOTAL(103,B56)) -> 1 | S56: =IF($B56="","",IF('الإدخال اليومي'!AF30="","يعمل",'الإدخال اليومي'!AF30)) -> يعمل
A57: =IF('الإدخال اليومي'!$B31="","",IF('الإدخال اليومي'!A31="","",'الإدخال اليومي'!A31)) -> 2597004569 | B57: =IF('الإدخال اليومي'!$B31="","",IF('الإدخال اليومي'!B31="","",'الإدخال اليومي'!B31)) -> MD rakibul shikder | C57: =IF('الإدخال اليومي'!$B31="","",IF('الإدخال اليومي'!C31="","",'الإدخال اليومي'!C31)) -> كيتا | D57: =IF($B57="","",27) -> 27 | E57: =IF('الإدخال اليومي'!$B31="","",IF('الإدخال اليومي'!AD31="","",'الإدخال اليومي'!AD31)) -> كفالة | F57: =IF($B57="","",'الإدخال اليومي'!I31) -> 341 | G57: =IF($B57="","",IF(N('الإدخال اليومي'!AG31)=0,"",'الإدخال اليومي'!AG31)) | H57: =IF('الإدخال اليومي'!$B31="","",IF('الإدخال اليومي'!AE31="","",'الإدخال اليومي'!AE31)) -> محمود خطاب | I57: =IF($B57="","",IFERROR(INDEX('الإدخال اليومي'!K31:AA31,MATCH(الإعدادات!$B$2,'الإدخال اليومي'!$K$3:$AA$3,0)),0)) -> 16 | J57: =IF('الإدخال اليومي'!$B31="","",IF('الإدخال اليومي'!F31="","",'الإدخال اليومي'!F31)) -> 46071 | K57: =IF($B57="","",N('الإدخال اليومي'!G31)+MAX(0,الإعدادات!$B$2-MAX(الإعدادات!$B$10+1,N(J57))+1)-SUMPRODUCT(('الإدخال اليومي'!$L31:$AA31>0)*('الإدخال اليومي'!$L$3:$AA$3>=MAX(الإعدادات!$B$10+1,N(J57)))*('الإدخال اليومي'!$L$3:$AA$3<=الإعدادات!$B$2))) -> 0 | L57: =IF($B57="","",MAX(0,الإعدادات!$B$10-IF(J57="",الإعدادات!$B$9,MAX(J57,الإعدادات!$B$9))+1-N('الإدخال اليومي'!G31))+SUMPRODUCT(('الإدخال اليومي'!$L31:$AA31>0)*('الإدخال اليومي'!$L$3:$AA$3>=MAX(الإعدادات!$B$10+1,N(J57)))*('الإدخال اليومي'!$L$3:$AA$3<=الإعدادات!$B$2))) -> 17 | M57: =IF($B57="","",IF(C57="امازون","",(IFERROR(INDEX(الإعدادات!$B$19:$B$22,MATCH(C57,الإعدادات!$A$19:$A$22,0)),الإعدادات!$B$3)/الإعدادات!$B$4)*L57)) -> 255 | N57: =IF($B57="","",IF(OR(M57="",M57=0),"",F57/M57)) -> 1.3372549 | O57: =IF($B57="","",IF(OR(C57="امازون",L57=0),"",ROUND(F57/L57*الإعدادات!$B$4,0))) -> 602 | P57: =IF($B57="","",IF('الإدخال اليومي'!AF31="لا يعمل","مستبعد (ترك العمل)",IF('الإدخال اليومي'!AF31="اجازه","مستبعد (اجازة)",IF(C57="امازون","امازون (شحنات)",IF(L57=0,"مستبعد (لم يعمل)",IF(F57>=M57,"حقق",IF(F57>=M57*الإعدادات!$B$8,"قريب","بعيد"))))))) -> حقق | Q57: =IF($B57="","",TRIM('الإدخال اليومي'!H31&IF(N('الإدخال اليومي'!AC31)>0," | + "&'الإدخال اليومي'!AC31&" طلب من "&'الإدخال اليومي'!AB31&" (محسوبة في الإجمالي)",""))) | R57: =IF($B57="",0,SUBTOTAL(103,B57)) -> 1 | S57: =IF($B57="","",IF('الإدخال اليومي'!AF31="","يعمل",'الإدخال اليومي'!AF31)) -> يعمل
A58: =IF('الإدخال اليومي'!$B32="","",IF('الإدخال اليومي'!A32="","",'الإدخال اليومي'!A32)) -> 2601020726 | B58: =IF('الإدخال اليومي'!$B32="","",IF('الإدخال اليومي'!B32="","",'الإدخال اليومي'!B32)) -> MERAZOL ISLAME | C58: =IF('الإدخال اليومي'!$B32="","",IF('الإدخال اليومي'!C32="","",'الإدخال اليومي'!C32)) -> كيتا | D58: =IF($B58="","",28) -> 28 | E58: =IF('الإدخال اليومي'!$B32="","",IF('الإدخال اليومي'!AD32="","",'الإدخال اليومي'!AD32)) -> كفالة | F58: =IF($B58="","",'الإدخال اليومي'!I32) -> 344 | G58: =IF($B58="","",IF(N('الإدخال اليومي'!AG32)=0,"",'الإدخال اليومي'!AG32)) | H58: =IF('الإدخال اليومي'!$B32="","",IF('الإدخال اليومي'!AE32="","",'الإدخال اليومي'!AE32)) -> محمود خطاب | I58: =IF($B58="","",IFERROR(INDEX('الإدخال اليومي'!K32:AA32,MATCH(الإعدادات!$B$2,'الإدخال اليومي'!$K$3:$AA$3,0)),0)) -> 23 | J58: =IF('الإدخال اليومي'!$B32="","",IF('الإدخال اليومي'!F32="","",'الإدخال اليومي'!F32)) -> 46138 | K58: =IF($B58="","",N('الإدخال اليومي'!G32)+MAX(0,الإعدادات!$B$2-MAX(الإعدادات!$B$10+1,N(J58))+1)-SUMPRODUCT(('الإدخال اليومي'!$L32:$AA32>0)*('الإدخال اليومي'!$L$3:$AA$3>=MAX(الإعدادات!$B$10+1,N(J58)))*('الإدخال اليومي'!$L$3:$AA$3<=الإعدادات!$B$2))) -> 0 | L58: =IF($B58="","",MAX(0,الإعدادات!$B$10-IF(J58="",الإعدادات!$B$9,MAX(J58,الإعدادات!$B$9))+1-N('الإدخال اليومي'!G32))+SUMPRODUCT(('الإدخال اليومي'!$L32:$AA32>0)*('الإدخال اليومي'!$L$3:$AA$3>=MAX(الإعدادات!$B$10+1,N(J58)))*('الإدخال اليومي'!$L$3:$AA$3<=الإعدادات!$B$2))) -> 17 | M58: =IF($B58="","",IF(C58="امازون","",(IFERROR(INDEX(الإعدادات!$B$19:$B$22,MATCH(C58,الإعدادات!$A$19:$A$22,0)),الإعدادات!$B$3)/الإعدادات!$B$4)*L58)) -> 255 | N58: =IF($B58="","",IF(OR(M58="",M58=0),"",F58/M58)) -> 1.3490196 | O58: =IF($B58="","",IF(OR(C58="امازون",L58=0),"",ROUND(F58/L58*الإعدادات!$B$4,0))) -> 607 | P58: =IF($B58="","",IF('الإدخال اليومي'!AF32="لا يعمل","مستبعد (ترك العمل)",IF('الإدخال اليومي'!AF32="اجازه","مستبعد (اجازة)",IF(C58="امازون","امازون (شحنات)",IF(L58=0,"مستبعد (لم يعمل)",IF(F58>=M58,"حقق",IF(F58>=M58*الإعدادات!$B$8,"قريب","بعيد"))))))) -> حقق | Q58: =IF($B58="","",TRIM('الإدخال اليومي'!H32&IF(N('الإدخال اليومي'!AC32)>0," | + "&'الإدخال اليومي'!AC32&" طلب من "&'الإدخال اليومي'!AB32&" (محسوبة في الإجمالي)",""))) | R58: =IF($B58="",0,SUBTOTAL(103,B58)) -> 1 | S58: =IF($B58="","",IF('الإدخال اليومي'!AF32="","يعمل",'الإدخال اليومي'!AF32)) -> يعمل
A59: =IF('الإدخال اليومي'!$B33="","",IF('الإدخال اليومي'!A33="","",'الإدخال اليومي'!A33)) -> 2567989484 | B59: =IF('الإدخال اليومي'!$B33="","",IF('الإدخال اليومي'!B33="","",'الإدخال اليومي'!B33)) -> MURSAD SK | C59: =IF('الإدخال اليومي'!$B33="","",IF('الإدخال اليومي'!C33="","",'الإدخال اليومي'!C33)) -> كيتا | D59: =IF($B59="","",29) -> 29 | E59: =IF('الإدخال اليومي'!$B33="","",IF('الإدخال اليومي'!AD33="","",'الإدخال اليومي'!AD33)) -> كفالة | F59: =IF($B59="","",'الإدخال اليومي'!I33) -> 347 | G59: =IF($B59="","",IF(N('الإدخال اليومي'!AG33)=0,"",'الإدخال اليومي'!AG33)) | H59: =IF('الإدخال اليومي'!$B33="","",IF('الإدخال اليومي'!AE33="","",'الإدخال اليومي'!AE33)) -> محمود خطاب | I59: =IF($B59="","",IFERROR(INDEX('الإدخال اليومي'!K33:AA33,MATCH(الإعدادات!$B$2,'الإدخال اليومي'!$K$3:$AA$3,0)),0)) -> 20 | J59: =IF('الإدخال اليومي'!$B33="","",IF('الإدخال اليومي'!F33="","",'الإدخال اليومي'!F33)) -> 45412 | K59: =IF($B59="","",N('الإدخال اليومي'!G33)+MAX(0,الإعدادات!$B$2-MAX(الإعدادات!$B$10+1,N(J59))+1)-SUMPRODUCT(('الإدخال اليومي'!$L33:$AA33>0)*('الإدخال اليومي'!$L$3:$AA$3>=MAX(الإعدادات!$B$10+1,N(J59)))*('الإدخال اليومي'!$L$3:$AA$3<=الإعدادات!$B$2))) -> 0 | L59: =IF($B59="","",MAX(0,الإعدادات!$B$10-IF(J59="",الإعدادات!$B$9,MAX(J59,الإعدادات!$B$9))+1-N('الإدخال اليومي'!G33))+SUMPRODUCT(('الإدخال اليومي'!$L33:$AA33>0)*('الإدخال اليومي'!$L$3:$AA$3>=MAX(الإعدادات!$B$10+1,N(J59)))*('الإدخال اليومي'!$L$3:$AA$3<=الإعدادات!$B$2))) -> 17 | M59: =IF($B59="","",IF(C59="امازون","",(IFERROR(INDEX(الإعدادات!$B$19:$B$22,MATCH(C59,الإعدادات!$A$19:$A$22,0)),الإعدادات!$B$3)/الإعدادات!$B$4)*L59)) -> 255 | N59: =IF($B59="","",IF(OR(M59="",M59=0),"",F59/M59)) -> 1.3607843 | O59: =IF($B59="","",IF(OR(C59="امازون",L59=0),"",ROUND(F59/L59*الإعدادات!$B$4,0))) -> 612 | P59: =IF($B59="","",IF('الإدخال اليومي'!AF33="لا يعمل","مستبعد (ترك العمل)",IF('الإدخال اليومي'!AF33="اجازه","مستبعد (اجازة)",IF(C59="امازون","امازون (شحنات)",IF(L59=0,"مستبعد (لم يعمل)",IF(F59>=M59,"حقق",IF(F59>=M59*الإعدادات!$B$8,"قريب","بعيد"))))))) -> حقق | Q59: =IF($B59="","",TRIM('الإدخال اليومي'!H33&IF(N('الإدخال اليومي'!AC33)>0," | + "&'الإدخال اليومي'!AC33&" طلب من "&'الإدخال اليومي'!AB33&" (محسوبة في الإجمالي)",""))) | R59: =IF($B59="",0,SUBTOTAL(103,B59)) -> 1 | S59: =IF($B59="","",IF('الإدخال اليومي'!AF33="","يعمل",'الإدخال اليومي'!AF33)) -> يعمل
A60: =IF('الإدخال اليومي'!$B34="","",IF('الإدخال اليومي'!A34="","",'الإدخال اليومي'!A34)) -> 2558231755 | B60: =IF('الإدخال اليومي'!$B34="","",IF('الإدخال اليومي'!B34="","",'الإدخال اليومي'!B34)) -> محمد عزت سالم | C60: =IF('الإدخال اليومي'!$B34="","",IF('الإدخال اليومي'!C34="","",'الإدخال اليومي'!C34)) -> كيتا | D60: =IF($B60="","",30) -> 30 | E60: =IF('الإدخال اليومي'!$B34="","",IF('الإدخال اليومي'!AD34="","",'الإدخال اليومي'!AD34)) -> فري لانسر | F60: =IF($B60="","",'الإدخال اليومي'!I34) -> 340 | G60: =IF($B60="","",IF(N('الإدخال اليومي'!AG34)=0,"",'الإدخال اليومي'!AG34)) | H60: =IF('الإدخال اليومي'!$B34="","",IF('الإدخال اليومي'!AE34="","",'الإدخال اليومي'!AE34)) -> خالد عباس | I60: =IF($B60="","",IFERROR(INDEX('الإدخال اليومي'!K34:AA34,MATCH(الإعدادات!$B$2,'الإدخال اليومي'!$K$3:$AA$3,0)),0)) -> 17 | J60: =IF('الإدخال اليومي'!$B34="","",IF('الإدخال اليومي'!F34="","",'الإدخال اليومي'!F34)) -> 46282 | K60: =IF($B60="","",N('الإدخال اليومي'!G34)+MAX(0,الإعدادات!$B$2-MAX(الإعدادات!$B$10+1,N(J60))+1)-SUMPRODUCT(('الإدخال اليومي'!$L34:$AA34>0)*('الإدخال اليومي'!$L$3:$AA$3>=MAX(الإعدادات!$B$10+1,N(J60)))*('الإدخال اليومي'!$L$3:$AA$3<=الإعدادات!$B$2))) -> 0 | L60: =IF($B60="","",MAX(0,الإعدادات!$B$10-IF(J60="",الإعدادات!$B$9,MAX(J60,الإعدادات!$B$9))+1-N('الإدخال اليومي'!G34))+SUMPRODUCT(('الإدخال اليومي'!$L34:$AA34>0)*('الإدخال اليومي'!$L$3:$AA$3>=MAX(الإعدادات!$B$10+1,N(J60)))*('الإدخال اليومي'!$L$3:$AA$3<=الإعدادات!$B$2))) -> 17 | M60: =IF($B60="","",IF(C60="امازون","",(IFERROR(INDEX(الإعدادات!$B$19:$B$22,MATCH(C60,الإعدادات!$A$19:$A$22,0)),الإعدادات!$B$3)/الإعدادات!$B$4)*L60)) -> 255 | N60: =IF($B60="","",IF(OR(M60="",M60=0),"",F60/M60)) -> 1.3333333 | O60: =IF($B60="","",IF(OR(C60="امازون",L60=0),"",ROUND(F60/L60*الإعدادات!$B$4,0))) -> 600 | P60: =IF($B60="","",IF('الإدخال اليومي'!AF34="لا يعمل","مستبعد (ترك العمل)",IF('الإدخال اليومي'!AF34="اجازه","مستبعد (اجازة)",IF(C60="امازون","امازون (شحنات)",IF(L60=0,"مستبعد (لم يعمل)",IF(F60>=M60,"حقق",IF(F60>=M60*الإعدادات!$B$8,"قريب","بعيد"))))))) -> حقق | Q60: =IF($B60="","",TRIM('الإدخال اليومي'!H34&IF(N('الإدخال اليومي'!AC34)>0," | + "&'الإدخال اليومي'!AC34&" طلب من "&'الإدخال اليومي'!AB34&" (محسوبة في الإجمالي)",""))) | R60: =IF($B60="",0,SUBTOTAL(103,B60)) -> 1 | S60: =IF($B60="","",IF('الإدخال اليومي'!AF34="","يعمل",'الإدخال اليومي'!AF34)) -> يعمل
A61: =IF('الإدخال اليومي'!$B35="","",IF('الإدخال اليومي'!A35="","",'الإدخال اليومي'!A35)) -> 2580251441 | B61: =IF('الإدخال اليومي'!$B35="","",IF('الإدخال اليومي'!B35="","",'الإدخال اليومي'!B35)) -> احمد مصطفي محمد | C61: =IF('الإدخال اليومي'!$B35="","",IF('الإدخال اليومي'!C35="","",'الإدخال اليومي'!C35)) -> كيتا | D61: =IF($B61="","",31) -> 31 | E61: =IF('الإدخال اليومي'!$B35="","",IF('الإدخال اليومي'!AD35="","",'الإدخال اليومي'!AD35)) -> فري لانسر | F61: =IF($B61="","",'الإدخال اليومي'!I35) -> 318 | G61: =IF($B61="","",IF(N('الإدخال اليومي'!AG35)=0,"",'الإدخال اليومي'!AG35)) | H61: =IF('الإدخال اليومي'!$B35="","",IF('الإدخال اليومي'!AE35="","",'الإدخال اليومي'!AE35)) -> خالد عباس | I61: =IF($B61="","",IFERROR(INDEX('الإدخال اليومي'!K35:AA35,MATCH(الإعدادات!$B$2,'الإدخال اليومي'!$K$3:$AA$3,0)),0)) -> 13 | J61: =IF('الإدخال اليومي'!$B35="","",IF('الإدخال اليومي'!F35="","",'الإدخال اليومي'!F35)) -> 46295 | K61: =IF($B61="","",N('الإدخال اليومي'!G35)+MAX(0,الإعدادات!$B$2-MAX(الإعدادات!$B$10+1,N(J61))+1)-SUMPRODUCT(('الإدخال اليومي'!$L35:$AA35>0)*('الإدخال اليومي'!$L$3:$AA$3>=MAX(الإعدادات!$B$10+1,N(J61)))*('الإدخال اليومي'!$L$3:$AA$3<=الإعدادات!$B$2))) -> 0 | L61: =IF($B61="","",MAX(0,الإعدادات!$B$10-IF(J61="",الإعدادات!$B$9,MAX(J61,الإعدادات!$B$9))+1-N('الإدخال اليومي'!G35))+SUMPRODUCT(('الإدخال اليومي'!$L35:$AA35>0)*('الإدخال اليومي'!$L$3:$AA$3>=MAX(الإعدادات!$B$10+1,N(J61)))*('الإدخال اليومي'!$L$3:$AA$3<=الإعدادات!$B$2))) -> 17 | M61: =IF($B61="","",IF(C61="امازون","",(IFERROR(INDEX(الإعدادات!$B$19:$B$22,MATCH(C61,الإعدادات!$A$19:$A$22,0)),الإعدادات!$B$3)/الإعدادات!$B$4)*L61)) -> 255 | N61: =IF($B61="","",IF(OR(M61="",M61=0),"",F61/M61)) -> 1.2470588 | O61: =IF($B61="","",IF(OR(C61="امازون",L61=0),"",ROUND(F61/L61*الإعدادات!$B$4,0))) -> 561 | P61: =IF($B61="","",IF('الإدخال اليومي'!AF35="لا يعمل","مستبعد (ترك العمل)",IF('الإدخال اليومي'!AF35="اجازه","مستبعد (اجازة)",IF(C61="امازون","امازون (شحنات)",IF(L61=0,"مستبعد (لم يعمل)",IF(F61>=M61,"حقق",IF(F61>=M61*الإعدادات!$B$8,"قريب","بعيد"))))))) -> حقق | Q61: =IF($B61="","",TRIM('الإدخال اليومي'!H35&IF(N('الإدخال اليومي'!AC35)>0," | + "&'الإدخال اليومي'!AC35&" طلب من "&'الإدخال اليومي'!AB35&" (محسوبة في الإجمالي)",""))) -> اسناد ضعيف | R61: =IF($B61="",0,SUBTOTAL(103,B61)) -> 1 | S61: =IF($B61="","",IF('الإدخال اليومي'!AF35="","يعمل",'الإدخال اليومي'!AF35)) -> يعمل
A62: =IF('الإدخال اليومي'!$B36="","",IF('الإدخال اليومي'!A36="","",'الإدخال اليومي'!A36)) -> 2588109203 | B62: =IF('الإدخال اليومي'!$B36="","",IF('الإدخال اليومي'!B36="","",'الإدخال اليومي'!B36)) -> MAHMUDUL HASSAN | C62: =IF('الإدخال اليومي'!$B36="","",IF('الإدخال اليومي'!C36="","",'الإدخال اليومي'!C36)) -> كيتا | D62: =IF($B62="","",32) -> 32 | E62: =IF('الإدخال اليومي'!$B36="","",IF('الإدخال اليومي'!AD36="","",'الإدخال اليومي'!AD36)) -> فري لانسر | F62: =IF($B62="","",'الإدخال اليومي'!I36) -> 321 | G62: =IF($B62="","",IF(N('الإدخال اليومي'!AG36)=0,"",'الإدخال اليومي'!AG36)) | H62: =IF('الإدخال اليومي'!$B36="","",IF('الإدخال اليومي'!AE36="","",'الإدخال اليومي'!AE36)) -> خالد عباس | I62: =IF($B62="","",IFERROR(INDEX('الإدخال اليومي'!K36:AA36,MATCH(الإعدادات!$B$2,'الإدخال اليومي'!$K$3:$AA$3,0)),0)) -> 16 | J62: =IF('الإدخال اليومي'!$B36="","",IF('الإدخال اليومي'!F36="","",'الإدخال اليومي'!F36)) -> 46204 | K62: =IF($B62="","",N('الإدخال اليومي'!G36)+MAX(0,الإعدادات!$B$2-MAX(الإعدادات!$B$10+1,N(J62))+1)-SUMPRODUCT(('الإدخال اليومي'!$L36:$AA36>0)*('الإدخال اليومي'!$L$3:$AA$3>=MAX(الإعدادات!$B$10+1,N(J62)))*('الإدخال اليومي'!$L$3:$AA$3<=الإعدادات!$B$2))) -> 0 | L62: =IF($B62="","",MAX(0,الإعدادات!$B$10-IF(J62="",الإعدادات!$B$9,MAX(J62,الإعدادات!$B$9))+1-N('الإدخال اليومي'!G36))+SUMPRODUCT(('الإدخال اليومي'!$L36:$AA36>0)*('الإدخال اليومي'!$L$3:$AA$3>=MAX(الإعدادات!$B$10+1,N(J62)))*('الإدخال اليومي'!$L$3:$AA$3<=الإعدادات!$B$2))) -> 17 | M62: =IF($B62="","",IF(C62="امازون","",(IFERROR(INDEX(الإعدادات!$B$19:$B$22,MATCH(C62,الإعدادات!$A$19:$A$22,0)),الإعدادات!$B$3)/الإعدادات!$B$4)*L62)) -> 255 | N62: =IF($B62="","",IF(OR(M62="",M62=0),"",F62/M62)) -> 1.2588235 | O62: =IF($B62="","",IF(OR(C62="امازون",L62=0),"",ROUND(F62/L62*الإعدادات!$B$4,0))) -> 566 | P62: =IF($B62="","",IF('الإدخال اليومي'!AF36="لا يعمل","مستبعد (ترك العمل)",IF('الإدخال اليومي'!AF36="اجازه","مستبعد (اجازة)",IF(C62="امازون","امازون (شحنات)",IF(L62=0,"مستبعد (لم يعمل)",IF(F62>=M62,"حقق",IF(F62>=M62*الإعدادات!$B$8,"قريب","بعيد"))))))) -> حقق | Q62: =IF($B62="","",TRIM('الإدخال اليومي'!H36&IF(N('الإدخال اليومي'!AC36)>0," | + "&'الإدخال اليومي'!AC36&" طلب من "&'الإدخال اليومي'!AB36&" (محسوبة في الإجمالي)",""))) | R62: =IF($B62="",0,SUBTOTAL(103,B62)) -> 1 | S62: =IF($B62="","",IF('الإدخال اليومي'!AF36="","يعمل",'الإدخال اليومي'!AF36)) -> يعمل
A63: =IF('الإدخال اليومي'!$B37="","",IF('الإدخال اليومي'!A37="","",'الإدخال اليومي'!A37)) -> 2586867323 | B63: =IF('الإدخال اليومي'!$B37="","",IF('الإدخال اليومي'!B37="","",'الإدخال اليومي'!B37)) -> JAHANGIR aLAM | C63: =IF('الإدخال اليومي'!$B37="","",IF('الإدخال اليومي'!C37="","",'الإدخال اليومي'!C37)) -> كيتا | D63: =IF($B63="","",33) -> 33 | E63: =IF('الإدخال اليومي'!$B37="","",IF('الإدخال اليومي'!AD37="","",'الإدخال اليومي'!AD37)) -> كفالة | F63: =IF($B63="","",'الإدخال اليومي'!I37) -> 322 | G63: =IF($B63="","",IF(N('الإدخال اليومي'!AG37)=0,"",'الإدخال اليومي'!AG37)) | H63: =IF('الإدخال اليومي'!$B37="","",IF('الإدخال اليومي'!AE37="","",'الإدخال اليومي'!AE37)) -> محمود خطاب | I63: =IF($B63="","",IFERROR(INDEX('الإدخال اليومي'!K37:AA37,MATCH(الإعدادات!$B$2,'الإدخال اليومي'!$K$3:$AA$3,0)),0)) -> 26 | J63: =IF('الإدخال اليومي'!$B37="","",IF('الإدخال اليومي'!F37="","",'الإدخال اليومي'!F37)) -> 46079 | K63: =IF($B63="","",N('الإدخال اليومي'!G37)+MAX(0,الإعدادات!$B$2-MAX(الإعدادات!$B$10+1,N(J63))+1)-SUMPRODUCT(('الإدخال اليومي'!$L37:$AA37>0)*('الإدخال اليومي'!$L$3:$AA$3>=MAX(الإعدادات!$B$10+1,N(J63)))*('الإدخال اليومي'!$L$3:$AA$3<=الإعدادات!$B$2))) -> 0 | L63: =IF($B63="","",MAX(0,الإعدادات!$B$10-IF(J63="",الإعدادات!$B$9,MAX(J63,الإعدادات!$B$9))+1-N('الإدخال اليومي'!G37))+SUMPRODUCT(('الإدخال اليومي'!$L37:$AA37>0)*('الإدخال اليومي'!$L$3:$AA$3>=MAX(الإعدادات!$B$10+1,N(J63)))*('الإدخال اليومي'!$L$3:$AA$3<=الإعدادات!$B$2))) -> 17 | M63: =IF($B63="","",IF(C63="امازون","",(IFERROR(INDEX(الإعدادات!$B$19:$B$22,MATCH(C63,الإعدادات!$A$19:$A$22,0)),الإعدادات!$B$3)/الإعدادات!$B$4)*L63)) -> 255 | N63: =IF($B63="","",IF(OR(M63="",M63=0),"",F63/M63)) -> 1.2627451 | O63: =IF($B63="","",IF(OR(C63="امازون",L63=0),"",ROUND(F63/L63*الإعدادات!$B$4,0))) -> 568 | P63: =IF($B63="","",IF('الإدخال اليومي'!AF37="لا يعمل","مستبعد (ترك العمل)",IF('الإدخال اليومي'!AF37="اجازه","مستبعد (اجازة)",IF(C63="امازون","امازون (شحنات)",IF(L63=0,"مستبعد (لم يعمل)",IF(F63>=M63,"حقق",IF(F63>=M63*الإعدادات!$B$8,"قريب","بعيد"))))))) -> حقق | Q63: =IF($B63="","",TRIM('الإدخال اليومي'!H37&IF(N('الإدخال اليومي'!AC37)>0," | + "&'الإدخال اليومي'!AC37&" طلب من "&'الإدخال اليومي'!AB37&" (محسوبة في الإجمالي)",""))) | R63: =IF($B63="",0,SUBTOTAL(103,B63)) -> 1 | S63: =IF($B63="","",IF('الإدخال اليومي'!AF37="","يعمل",'الإدخال اليومي'!AF37)) -> يعمل
A64: =IF('الإدخال اليومي'!$B38="","",IF('الإدخال اليومي'!A38="","",'الإدخال اليومي'!A38)) -> 2591331687 | B64: =IF('الإدخال اليومي'!$B38="","",IF('الإدخال اليومي'!B38="","",'الإدخال اليومي'!B38)) -> اسلام محمود السيد | C64: =IF('الإدخال اليومي'!$B38="","",IF('الإدخال اليومي'!C38="","",'الإدخال اليومي'!C38)) -> كيتا | D64: =IF($B64="","",34) -> 34 | E64: =IF('الإدخال اليومي'!$B38="","",IF('الإدخال اليومي'!AD38="","",'الإدخال اليومي'!AD38)) -> فري لانسر | F64: =IF($B64="","",'الإدخال اليومي'!I38) -> 322 | G64: =IF($B64="","",IF(N('الإدخال اليومي'!AG38)=0,"",'الإدخال اليومي'!AG38)) | H64: =IF('الإدخال اليومي'!$B38="","",IF('الإدخال اليومي'!AE38="","",'الإدخال اليومي'!AE38)) -> خالد عباس | I64: =IF($B64="","",IFERROR(INDEX('الإدخال اليومي'!K38:AA38,MATCH(الإعدادات!$B$2,'الإدخال اليومي'!$K$3:$AA$3,0)),0)) -> 17 | J64: =IF('الإدخال اليومي'!$B38="","",IF('الإدخال اليومي'!F38="","",'الإدخال اليومي'!F38)) -> 46262 | K64: =IF($B64="","",N('الإدخال اليومي'!G38)+MAX(0,الإعدادات!$B$2-MAX(الإعدادات!$B$10+1,N(J64))+1)-SUMPRODUCT(('الإدخال اليومي'!$L38:$AA38>0)*('الإدخال اليومي'!$L$3:$AA$3>=MAX(الإعدادات!$B$10+1,N(J64)))*('الإدخال اليومي'!$L$3:$AA$3<=الإعدادات!$B$2))) -> 0 | L64: =IF($B64="","",MAX(0,الإعدادات!$B$10-IF(J64="",الإعدادات!$B$9,MAX(J64,الإعدادات!$B$9))+1-N('الإدخال اليومي'!G38))+SUMPRODUCT(('الإدخال اليومي'!$L38:$AA38>0)*('الإدخال اليومي'!$L$3:$AA$3>=MAX(الإعدادات!$B$10+1,N(J64)))*('الإدخال اليومي'!$L$3:$AA$3<=الإعدادات!$B$2))) -> 17 | M64: =IF($B64="","",IF(C64="امازون","",(IFERROR(INDEX(الإعدادات!$B$19:$B$22,MATCH(C64,الإعدادات!$A$19:$A$22,0)),الإعدادات!$B$3)/الإعدادات!$B$4)*L64)) -> 255 | N64: =IF($B64="","",IF(OR(M64="",M64=0),"",F64/M64)) -> 1.2627451 | O64: =IF($B64="","",IF(OR(C64="امازون",L64=0),"",ROUND(F64/L64*الإعدادات!$B$4,0))) -> 568 | P64: =IF($B64="","",IF('الإدخال اليومي'!AF38="لا يعمل","مستبعد (ترك العمل)",IF('الإدخال اليومي'!AF38="اجازه","مستبعد (اجازة)",IF(C64="امازون","امازون (شحنات)",IF(L64=0,"مستبعد (لم يعمل)",IF(F64>=M64,"حقق",IF(F64>=M64*الإعدادات!$B$8,"قريب","بعيد"))))))) -> حقق | Q64: =IF($B64="","",TRIM('الإدخال اليومي'!H38&IF(N('الإدخال اليومي'!AC38)>0," | + "&'الإدخال اليومي'!AC38&" طلب من "&'الإدخال اليومي'!AB38&" (محسوبة في الإجمالي)",""))) | R64: =IF($B64="",0,SUBTOTAL(103,B64)) -> 1 | S64: =IF($B64="","",IF('الإدخال اليومي'!AF38="","يعمل",'الإدخال اليومي'!AF38)) -> يعمل
A65: =IF('الإدخال اليومي'!$B39="","",IF('الإدخال اليومي'!A39="","",'الإدخال اليومي'!A39)) -> 2598450894 | B65: =IF('الإدخال اليومي'!$B39="","",IF('الإدخال اليومي'!B39="","",'الإدخال اليومي'!B39)) -> محمد شاه بران | C65: =IF('الإدخال اليومي'!$B39="","",IF('الإدخال اليومي'!C39="","",'الإدخال اليومي'!C39)) -> كيتا | D65: =IF($B65="","",35) -> 35 | E65: =IF('الإدخال اليومي'!$B39="","",IF('الإدخال اليومي'!AD39="","",'الإدخال اليومي'!AD39)) -> فري لانسر | F65: =IF($B65="","",'الإدخال اليومي'!I39) -> 311 | G65: =IF($B65="","",IF(N('الإدخال اليومي'!AG39)=0,"",'الإدخال اليومي'!AG39)) | H65: =IF('الإدخال اليومي'!$B39="","",IF('الإدخال اليومي'!AE39="","",'الإدخال اليومي'!AE39)) -> خالد عباس | I65: =IF($B65="","",IFERROR(INDEX('الإدخال اليومي'!K39:AA39,MATCH(الإعدادات!$B$2,'الإدخال اليومي'!$K$3:$AA$3,0)),0)) -> 19 | J65: =IF('الإدخال اليومي'!$B39="","",IF('الإدخال اليومي'!F39="","",'الإدخال اليومي'!F39)) -> 46282 | K65: =IF($B65="","",N('الإدخال اليومي'!G39)+MAX(0,الإعدادات!$B$2-MAX(الإعدادات!$B$10+1,N(J65))+1)-SUMPRODUCT(('الإدخال اليومي'!$L39:$AA39>0)*('الإدخال اليومي'!$L$3:$AA$3>=MAX(الإعدادات!$B$10+1,N(J65)))*('الإدخال اليومي'!$L$3:$AA$3<=الإعدادات!$B$2))) -> 0 | L65: =IF($B65="","",MAX(0,الإعدادات!$B$10-IF(J65="",الإعدادات!$B$9,MAX(J65,الإعدادات!$B$9))+1-N('الإدخال اليومي'!G39))+SUMPRODUCT(('الإدخال اليومي'!$L39:$AA39>0)*('الإدخال اليومي'!$L$3:$AA$3>=MAX(الإعدادات!$B$10+1,N(J65)))*('الإدخال اليومي'!$L$3:$AA$3<=الإعدادات!$B$2))) -> 17 | M65: =IF($B65="","",IF(C65="امازون","",(IFERROR(INDEX(الإعدادات!$B$19:$B$22,MATCH(C65,الإعدادات!$A$19:$A$22,0)),الإعدادات!$B$3)/الإعدادات!$B$4)*L65)) -> 255 | N65: =IF($B65="","",IF(OR(M65="",M65=0),"",F65/M65)) -> 1.2196078 | O65: =IF($B65="","",IF(OR(C65="امازون",L65=0),"",ROUND(F65/L65*الإعدادات!$B$4,0))) -> 549 | P65: =IF($B65="","",IF('الإدخال اليومي'!AF39="لا يعمل","مستبعد (ترك العمل)",IF('الإدخال اليومي'!AF39="اجازه","مستبعد (اجازة)",IF(C65="امازون","امازون (شحنات)",IF(L65=0,"مستبعد (لم يعمل)",IF(F65>=M65,"حقق",IF(F65>=M65*الإعدادات!$B$8,"قريب","بعيد"))))))) -> حقق | Q65: =IF($B65="","",TRIM('الإدخال اليومي'!H39&IF(N('الإدخال اليومي'!AC39)>0," | + "&'الإدخال اليومي'!AC39&" طلب من "&'الإدخال اليومي'!AB39&" (محسوبة في الإجمالي)",""))) | R65: =IF($B65="",0,SUBTOTAL(103,B65)) -> 1 | S65: =IF($B65="","",IF('الإدخال اليومي'!AF39="","يعمل",'الإدخال اليومي'!AF39)) -> يعمل
A66: =IF('الإدخال اليومي'!$B40="","",IF('الإدخال اليومي'!A40="","",'الإدخال اليومي'!A40)) -> 2576049361 | B66: =IF('الإدخال اليومي'!$B40="","",IF('الإدخال اليومي'!B40="","",'الإدخال اليومي'!B40)) -> مد رقيب الاسلام | C66: =IF('الإدخال اليومي'!$B40="","",IF('الإدخال اليومي'!C40="","",'الإدخال اليومي'!C40)) -> كيتا | D66: =IF($B66="","",36) -> 36 | E66: =IF('الإدخال اليومي'!$B40="","",IF('الإدخال اليومي'!AD40="","",'الإدخال اليومي'!AD40)) -> فري لانسر | F66: =IF($B66="","",'الإدخال اليومي'!I40) -> 321 | G66: =IF($B66="","",IF(N('الإدخال اليومي'!AG40)=0,"",'الإدخال اليومي'!AG40)) | H66: =IF('الإدخال اليومي'!$B40="","",IF('الإدخال اليومي'!AE40="","",'الإدخال اليومي'!AE40)) -> خالد عباس | I66: =IF($B66="","",IFERROR(INDEX('الإدخال اليومي'!K40:AA40,MATCH(الإعدادات!$B$2,'الإدخال اليومي'!$K$3:$AA$3,0)),0)) -> 22 | J66: =IF('الإدخال اليومي'!$B40="","",IF('الإدخال اليومي'!F40="","",'الإدخال اليومي'!F40)) -> 46272 | K66: =IF($B66="","",N('الإدخال اليومي'!G40)+MAX(0,الإعدادات!$B$2-MAX(الإعدادات!$B$10+1,N(J66))+1)-SUMPRODUCT(('الإدخال اليومي'!$L40:$AA40>0)*('الإدخال اليومي'!$L$3:$AA$3>=MAX(الإعدادات!$B$10+1,N(J66)))*('الإدخال اليومي'!$L$3:$AA$3<=الإعدادات!$B$2))) -> 0 | L66: =IF($B66="","",MAX(0,الإعدادات!$B$10-IF(J66="",الإعدادات!$B$9,MAX(J66,الإعدادات!$B$9))+1-N('الإدخال اليومي'!G40))+SUMPRODUCT(('الإدخال اليومي'!$L40:$AA40>0)*('الإدخال اليومي'!$L$3:$AA$3>=MAX(الإعدادات!$B$10+1,N(J66)))*('الإدخال اليومي'!$L$3:$AA$3<=الإعدادات!$B$2))) -> 17 | M66: =IF($B66="","",IF(C66="امازون","",(IFERROR(INDEX(الإعدادات!$B$19:$B$22,MATCH(C66,الإعدادات!$A$19:$A$22,0)),الإعدادات!$B$3)/الإعدادات!$B$4)*L66)) -> 255 | N66: =IF($B66="","",IF(OR(M66="",M66=0),"",F66/M66)) -> 1.2588235 | O66: =IF($B66="","",IF(OR(C66="امازون",L66=0),"",ROUND(F66/L66*الإعدادات!$B$4,0))) -> 566 | P66: =IF($B66="","",IF('الإدخال اليومي'!AF40="لا يعمل","مستبعد (ترك العمل)",IF('الإدخال اليومي'!AF40="اجازه","مستبعد (اجازة)",IF(C66="امازون","امازون (شحنات)",IF(L66=0,"مستبعد (لم يعمل)",IF(F66>=M66,"حقق",IF(F66>=M66*الإعدادات!$B$8,"قريب","بعيد"))))))) -> حقق | Q66: =IF($B66="","",TRIM('الإدخال اليومي'!H40&IF(N('الإدخال اليومي'!AC40)>0," | + "&'الإدخال اليومي'!AC40&" طلب من "&'الإدخال اليومي'!AB40&" (محسوبة في الإجمالي)",""))) | R66: =IF($B66="",0,SUBTOTAL(103,B66)) -> 1 | S66: =IF($B66="","",IF('الإدخال اليومي'!AF40="","يعمل",'الإدخال اليومي'!AF40)) -> يعمل
A67: =IF('الإدخال اليومي'!$B41="","",IF('الإدخال اليومي'!A41="","",'الإدخال اليومي'!A41)) -> 2590036691 | B67: =IF('الإدخال اليومي'!$B41="","",IF('الإدخال اليومي'!B41="","",'الإدخال اليومي'!B41)) -> عبدالحميد جمال شعبان | C67: =IF('الإدخال اليومي'!$B41="","",IF('الإدخال اليومي'!C41="","",'الإدخال اليومي'!C41)) -> كيتا | D67: =IF($B67="","",37) -> 37 | E67: =IF('الإدخال اليومي'!$B41="","",IF('الإدخال اليومي'!AD41="","",'الإدخال اليومي'!AD41)) -> فري لانسر | F67: =IF($B67="","",'الإدخال اليومي'!I41) -> 304 | G67: =IF($B67="","",IF(N('الإدخال اليومي'!AG41)=0,"",'الإدخال اليومي'!AG41)) | H67: =IF('الإدخال اليومي'!$B41="","",IF('الإدخال اليومي'!AE41="","",'الإدخال اليومي'!AE41)) -> خالد عباس | I67: =IF($B67="","",IFERROR(INDEX('الإدخال اليومي'!K41:AA41,MATCH(الإعدادات!$B$2,'الإدخال اليومي'!$K$3:$AA$3,0)),0)) -> 13 | J67: =IF('الإدخال اليومي'!$B41="","",IF('الإدخال اليومي'!F41="","",'الإدخال اليومي'!F41)) -> 46241 | K67: =IF($B67="","",N('الإدخال اليومي'!G41)+MAX(0,الإعدادات!$B$2-MAX(الإعدادات!$B$10+1,N(J67))+1)-SUMPRODUCT(('الإدخال اليومي'!$L41:$AA41>0)*('الإدخال اليومي'!$L$3:$AA$3>=MAX(الإعدادات!$B$10+1,N(J67)))*('الإدخال اليومي'!$L$3:$AA$3<=الإعدادات!$B$2))) -> 0 | L67: =IF($B67="","",MAX(0,الإعدادات!$B$10-IF(J67="",الإعدادات!$B$9,MAX(J67,الإعدادات!$B$9))+1-N('الإدخال اليومي'!G41))+SUMPRODUCT(('الإدخال اليومي'!$L41:$AA41>0)*('الإدخال اليومي'!$L$3:$AA$3>=MAX(الإعدادات!$B$10+1,N(J67)))*('الإدخال اليومي'!$L$3:$AA$3<=الإعدادات!$B$2))) -> 17 | M67: =IF($B67="","",IF(C67="امازون","",(IFERROR(INDEX(الإعدادات!$B$19:$B$22,MATCH(C67,الإعدادات!$A$19:$A$22,0)),الإعدادات!$B$3)/الإعدادات!$B$4)*L67)) -> 255 | N67: =IF($B67="","",IF(OR(M67="",M67=0),"",F67/M67)) -> 1.1921569 | O67: =IF($B67="","",IF(OR(C67="امازون",L67=0),"",ROUND(F67/L67*الإعدادات!$B$4,0))) -> 536 | P67: =IF($B67="","",IF('الإدخال اليومي'!AF41="لا يعمل","مستبعد (ترك العمل)",IF('الإدخال اليومي'!AF41="اجازه","مستبعد (اجازة)",IF(C67="امازون","امازون (شحنات)",IF(L67=0,"مستبعد (لم يعمل)",IF(F67>=M67,"حقق",IF(F67>=M67*الإعدادات!$B$8,"قريب","بعيد"))))))) -> حقق | Q67: =IF($B67="","",TRIM('الإدخال اليومي'!H41&IF(N('الإدخال اليومي'!AC41)>0," | + "&'الإدخال اليومي'!AC41&" طلب من "&'الإدخال اليومي'!AB41&" (محسوبة في الإجمالي)",""))) -> مشكلة في نت المندوب وتم حلها | R67: =IF($B67="",0,SUBTOTAL(103,B67)) -> 1 | S67: =IF($B67="","",IF('الإدخال اليومي'!AF41="","يعمل",'الإدخال اليومي'!AF41)) -> يعمل
A68: =IF('الإدخال اليومي'!$B42="","",IF('الإدخال اليومي'!A42="","",'الإدخال اليومي'!A42)) -> 2589063623 | B68: =IF('الإدخال اليومي'!$B42="","",IF('الإدخال اليومي'!B42="","",'الإدخال اليومي'!B42)) -> MD Sajid AHMED | C68: =IF('الإدخال اليومي'!$B42="","",IF('الإدخال اليومي'!C42="","",'الإدخال اليومي'!C42)) -> كيتا | D68: =IF($B68="","",38) -> 38 | E68: =IF('الإدخال اليومي'!$B42="","",IF('الإدخال اليومي'!AD42="","",'الإدخال اليومي'!AD42)) -> فري لانسر | F68: =IF($B68="","",'الإدخال اليومي'!I42) -> 312 | G68: =IF($B68="","",IF(N('الإدخال اليومي'!AG42)=0,"",'الإدخال اليومي'!AG42)) | H68: =IF('الإدخال اليومي'!$B42="","",IF('الإدخال اليومي'!AE42="","",'الإدخال اليومي'!AE42)) -> خالد عباس | I68: =IF($B68="","",IFERROR(INDEX('الإدخال اليومي'!K42:AA42,MATCH(الإعدادات!$B$2,'الإدخال اليومي'!$K$3:$AA$3,0)),0)) -> 21 | J68: =IF('الإدخال اليومي'!$B42="","",IF('الإدخال اليومي'!F42="","",'الإدخال اليومي'!F42)) -> 46204 | K68: =IF($B68="","",N('الإدخال اليومي'!G42)+MAX(0,الإعدادات!$B$2-MAX(الإعدادات!$B$10+1,N(J68))+1)-SUMPRODUCT(('الإدخال اليومي'!$L42:$AA42>0)*('الإدخال اليومي'!$L$3:$AA$3>=MAX(الإعدادات!$B$10+1,N(J68)))*('الإدخال اليومي'!$L$3:$AA$3<=الإعدادات!$B$2))) -> 0 | L68: =IF($B68="","",MAX(0,الإعدادات!$B$10-IF(J68="",الإعدادات!$B$9,MAX(J68,الإعدادات!$B$9))+1-N('الإدخال اليومي'!G42))+SUMPRODUCT(('الإدخال اليومي'!$L42:$AA42>0)*('الإدخال اليومي'!$L$3:$AA$3>=MAX(الإعدادات!$B$10+1,N(J68)))*('الإدخال اليومي'!$L$3:$AA$3<=الإعدادات!$B$2))) -> 17 | M68: =IF($B68="","",IF(C68="امازون","",(IFERROR(INDEX(الإعدادات!$B$19:$B$22,MATCH(C68,الإعدادات!$A$19:$A$22,0)),الإعدادات!$B$3)/الإعدادات!$B$4)*L68)) -> 255 | N68: =IF($B68="","",IF(OR(M68="",M68=0),"",F68/M68)) -> 1.2235294 | O68: =IF($B68="","",IF(OR(C68="امازون",L68=0),"",ROUND(F68/L68*الإعدادات!$B$4,0))) -> 551 | P68: =IF($B68="","",IF('الإدخال اليومي'!AF42="لا يعمل","مستبعد (ترك العمل)",IF('الإدخال اليومي'!AF42="اجازه","مستبعد (اجازة)",IF(C68="امازون","امازون (شحنات)",IF(L68=0,"مستبعد (لم يعمل)",IF(F68>=M68,"حقق",IF(F68>=M68*الإعدادات!$B$8,"قريب","بعيد"))))))) -> حقق | Q68: =IF($B68="","",TRIM('الإدخال اليومي'!H42&IF(N('الإدخال اليومي'!AC42)>0," | + "&'الإدخال اليومي'!AC42&" طلب من "&'الإدخال اليومي'!AB42&" (محسوبة في الإجمالي)",""))) | R68: =IF($B68="",0,SUBTOTAL(103,B68)) -> 1 | S68: =IF($B68="","",IF('الإدخال اليومي'!AF42="","يعمل",'الإدخال اليومي'!AF42)) -> يعمل
A69: =IF('الإدخال اليومي'!$B43="","",IF('الإدخال اليومي'!A43="","",'الإدخال اليومي'!A43)) -> 2585782051 | B69: =IF('الإدخال اليومي'!$B43="","",IF('الإدخال اليومي'!B43="","",'الإدخال اليومي'!B43)) -> HASAN AHMADE MOUSTAF | C69: =IF('الإدخال اليومي'!$B43="","",IF('الإدخال اليومي'!C43="","",'الإدخال اليومي'!C43)) -> كيتا | D69: =IF($B69="","",39) -> 39 | E69: =IF('الإدخال اليومي'!$B43="","",IF('الإدخال اليومي'!AD43="","",'الإدخال اليومي'!AD43)) -> كفالة | F69: =IF($B69="","",'الإدخال اليومي'!I43) -> 304 | G69: =IF($B69="","",IF(N('الإدخال اليومي'!AG43)=0,"",'الإدخال اليومي'!AG43)) | H69: =IF('الإدخال اليومي'!$B43="","",IF('الإدخال اليومي'!AE43="","",'الإدخال اليومي'!AE43)) -> محمود خطاب | I69: =IF($B69="","",IFERROR(INDEX('الإدخال اليومي'!K43:AA43,MATCH(الإعدادات!$B$2,'الإدخال اليومي'!$K$3:$AA$3,0)),0)) -> 15 | J69: =IF('الإدخال اليومي'!$B43="","",IF('الإدخال اليومي'!F43="","",'الإدخال اليومي'!F43)) -> 45889 | K69: =IF($B69="","",N('الإدخال اليومي'!G43)+MAX(0,الإعدادات!$B$2-MAX(الإعدادات!$B$10+1,N(J69))+1)-SUMPRODUCT(('الإدخال اليومي'!$L43:$AA43>0)*('الإدخال اليومي'!$L$3:$AA$3>=MAX(الإعدادات!$B$10+1,N(J69)))*('الإدخال اليومي'!$L$3:$AA$3<=الإعدادات!$B$2))) -> 0 | L69: =IF($B69="","",MAX(0,الإعدادات!$B$10-IF(J69="",الإعدادات!$B$9,MAX(J69,الإعدادات!$B$9))+1-N('الإدخال اليومي'!G43))+SUMPRODUCT(('الإدخال اليومي'!$L43:$AA43>0)*('الإدخال اليومي'!$L$3:$AA$3>=MAX(الإعدادات!$B$10+1,N(J69)))*('الإدخال اليومي'!$L$3:$AA$3<=الإعدادات!$B$2))) -> 17 | M69: =IF($B69="","",IF(C69="امازون","",(IFERROR(INDEX(الإعدادات!$B$19:$B$22,MATCH(C69,الإعدادات!$A$19:$A$22,0)),الإعدادات!$B$3)/الإعدادات!$B$4)*L69)) -> 255 | N69: =IF($B69="","",IF(OR(M69="",M69=0),"",F69/M69)) -> 1.1921569 | O69: =IF($B69="","",IF(OR(C69="امازون",L69=0),"",ROUND(F69/L69*الإعدادات!$B$4,0))) -> 536 | P69: =IF($B69="","",IF('الإدخال اليومي'!AF43="لا يعمل","مستبعد (ترك العمل)",IF('الإدخال اليومي'!AF43="اجازه","مستبعد (اجازة)",IF(C69="امازون","امازون (شحنات)",IF(L69=0,"مستبعد (لم يعمل)",IF(F69>=M69,"حقق",IF(F69>=M69*الإعدادات!$B$8,"قريب","بعيد"))))))) -> حقق | Q69: =IF($B69="","",TRIM('الإدخال اليومي'!H43&IF(N('الإدخال اليومي'!AC43)>0," | + "&'الإدخال اليومي'!AC43&" طلب من "&'الإدخال اليومي'!AB43&" (محسوبة في الإجمالي)",""))) | R69: =IF($B69="",0,SUBTOTAL(103,B69)) -> 1 | S69: =IF($B69="","",IF('الإدخال اليومي'!AF43="","يعمل",'الإدخال اليومي'!AF43)) -> يعمل
A70: =IF('الإدخال اليومي'!$B44="","",IF('الإدخال اليومي'!A44="","",'الإدخال اليومي'!A44)) -> 2579771524 | B70: =IF('الإدخال اليومي'!$B44="","",IF('الإدخال اليومي'!B44="","",'الإدخال اليومي'!B44)) -> MOHAMMED ABDALLHA | C70: =IF('الإدخال اليومي'!$B44="","",IF('الإدخال اليومي'!C44="","",'الإدخال اليومي'!C44)) -> كيتا | D70: =IF($B70="","",40) -> 40 | E70: =IF('الإدخال اليومي'!$B44="","",IF('الإدخال اليومي'!AD44="","",'الإدخال اليومي'!AD44)) -> كفالة | F70: =IF($B70="","",'الإدخال اليومي'!I44) -> 288 | G70: =IF($B70="","",IF(N('الإدخال اليومي'!AG44)=0,"",'الإدخال اليومي'!AG44)) | H70: =IF('الإدخال اليومي'!$B44="","",IF('الإدخال اليومي'!AE44="","",'الإدخال اليومي'!AE44)) -> محمود خطاب | I70: =IF($B70="","",IFERROR(INDEX('الإدخال اليومي'!K44:AA44,MATCH(الإعدادات!$B$2,'الإدخال اليومي'!$K$3:$AA$3,0)),0)) -> 11 | J70: =IF('الإدخال اليومي'!$B44="","",IF('الإدخال اليومي'!F44="","",'الإدخال اليومي'!F44)) -> 46077 | K70: =IF($B70="","",N('الإدخال اليومي'!G44)+MAX(0,الإعدادات!$B$2-MAX(الإعدادات!$B$10+1,N(J70))+1)-SUMPRODUCT(('الإدخال اليومي'!$L44:$AA44>0)*('الإدخال اليومي'!$L$3:$AA$3>=MAX(الإعدادات!$B$10+1,N(J70)))*('الإدخال اليومي'!$L$3:$AA$3<=الإعدادات!$B$2))) -> 0 | L70: =IF($B70="","",MAX(0,الإعدادات!$B$10-IF(J70="",الإعدادات!$B$9,MAX(J70,الإعدادات!$B$9))+1-N('الإدخال اليومي'!G44))+SUMPRODUCT(('الإدخال اليومي'!$L44:$AA44>0)*('الإدخال اليومي'!$L$3:$AA$3>=MAX(الإعدادات!$B$10+1,N(J70)))*('الإدخال اليومي'!$L$3:$AA$3<=الإعدادات!$B$2))) -> 17 | M70: =IF($B70="","",IF(C70="امازون","",(IFERROR(INDEX(الإعدادات!$B$19:$B$22,MATCH(C70,الإعدادات!$A$19:$A$22,0)),الإعدادات!$B$3)/الإعدادات!$B$4)*L70)) -> 255 | N70: =IF($B70="","",IF(OR(M70="",M70=0),"",F70/M70)) -> 1.1294118 | O70: =IF($B70="","",IF(OR(C70="امازون",L70=0),"",ROUND(F70/L70*الإعدادات!$B$4,0))) -> 508 | P70: =IF($B70="","",IF('الإدخال اليومي'!AF44="لا يعمل","مستبعد (ترك العمل)",IF('الإدخال اليومي'!AF44="اجازه","مستبعد (اجازة)",IF(C70="امازون","امازون (شحنات)",IF(L70=0,"مستبعد (لم يعمل)",IF(F70>=M70,"حقق",IF(F70>=M70*الإعدادات!$B$8,"قريب","بعيد"))))))) -> حقق | Q70: =IF($B70="","",TRIM('الإدخال اليومي'!H44&IF(N('الإدخال اليومي'!AC44)>0," | + "&'الإدخال اليومي'!AC44&" طلب من "&'الإدخال اليومي'!AB44&" (محسوبة في الإجمالي)",""))) -> جاري توجية المندوب وتم انذارو | R70: =IF($B70="",0,SUBTOTAL(103,B70)) -> 1 | S70: =IF($B70="","",IF('الإدخال اليومي'!AF44="","يعمل",'الإدخال اليومي'!AF44)) -> يعمل
A71: =IF('الإدخال اليومي'!$B45="","",IF('الإدخال اليومي'!A45="","",'الإدخال اليومي'!A45)) -> 2568200659 | B71: =IF('الإدخال اليومي'!$B45="","",IF('الإدخال اليومي'!B45="","",'الإدخال اليومي'!B45)) -> محمد ذاك حسين | C71: =IF('الإدخال اليومي'!$B45="","",IF('الإدخال اليومي'!C45="","",'الإدخال اليومي'!C45)) -> كيتا | D71: =IF($B71="","",41) -> 41 | E71: =IF('الإدخال اليومي'!$B45="","",IF('الإدخال اليومي'!AD45="","",'الإدخال اليومي'!AD45)) -> فري لانسر | F71: =IF($B71="","",'الإدخال اليومي'!I45) -> 294 | G71: =IF($B71="","",IF(N('الإدخال اليومي'!AG45)=0,"",'الإدخال اليومي'!AG45)) | H71: =IF('الإدخال اليومي'!$B45="","",IF('الإدخال اليومي'!AE45="","",'الإدخال اليومي'!AE45)) -> خالد عباس | I71: =IF($B71="","",IFERROR(INDEX('الإدخال اليومي'!K45:AA45,MATCH(الإعدادات!$B$2,'الإدخال اليومي'!$K$3:$AA$3,0)),0)) -> 15 | J71: =IF('الإدخال اليومي'!$B45="","",IF('الإدخال اليومي'!F45="","",'الإدخال اليومي'!F45)) -> 46250 | K71: =IF($B71="","",N('الإدخال اليومي'!G45)+MAX(0,الإعدادات!$B$2-MAX(الإعدادات!$B$10+1,N(J71))+1)-SUMPRODUCT(('الإدخال اليومي'!$L45:$AA45>0)*('الإدخال اليومي'!$L$3:$AA$3>=MAX(الإعدادات!$B$10+1,N(J71)))*('الإدخال اليومي'!$L$3:$AA$3<=الإعدادات!$B$2))) -> 0 | L71: =IF($B71="","",MAX(0,الإعدادات!$B$10-IF(J71="",الإعدادات!$B$9,MAX(J71,الإعدادات!$B$9))+1-N('الإدخال اليومي'!G45))+SUMPRODUCT(('الإدخال اليومي'!$L45:$AA45>0)*('الإدخال اليومي'!$L$3:$AA$3>=MAX(الإعدادات!$B$10+1,N(J71)))*('الإدخال اليومي'!$L$3:$AA$3<=الإعدادات!$B$2))) -> 17 | M71: =IF($B71="","",IF(C71="امازون","",(IFERROR(INDEX(الإعدادات!$B$19:$B$22,MATCH(C71,الإعدادات!$A$19:$A$22,0)),الإعدادات!$B$3)/الإعدادات!$B$4)*L71)) -> 255 | N71: =IF($B71="","",IF(OR(M71="",M71=0),"",F71/M71)) -> 1.1529412 | O71: =IF($B71="","",IF(OR(C71="امازون",L71=0),"",ROUND(F71/L71*الإعدادات!$B$4,0))) -> 519 | P71: =IF($B71="","",IF('الإدخال اليومي'!AF45="لا يعمل","مستبعد (ترك العمل)",IF('الإدخال اليومي'!AF45="اجازه","مستبعد (اجازة)",IF(C71="امازون","امازون (شحنات)",IF(L71=0,"مستبعد (لم يعمل)",IF(F71>=M71,"حقق",IF(F71>=M71*الإعدادات!$B$8,"قريب","بعيد"))))))) -> حقق | Q71: =IF($B71="","",TRIM('الإدخال اليومي'!H45&IF(N('الإدخال اليومي'!AC45)>0," | + "&'الإدخال اليومي'!AC45&" طلب من "&'الإدخال اليومي'!AB45&" (محسوبة في الإجمالي)",""))) | R71: =IF($B71="",0,SUBTOTAL(103,B71)) -> 1 | S71: =IF($B71="","",IF('الإدخال اليومي'!AF45="","يعمل",'الإدخال اليومي'!AF45)) -> يعمل
A72: =IF('الإدخال اليومي'!$B46="","",IF('الإدخال اليومي'!A46="","",'الإدخال اليومي'!A46)) -> 2607927049 | B72: =IF('الإدخال اليومي'!$B46="","",IF('الإدخال اليومي'!B46="","",'الإدخال اليومي'!B46)) -> MEHEDI HASAN SABBIR | C72: =IF('الإدخال اليومي'!$B46="","",IF('الإدخال اليومي'!C46="","",'الإدخال اليومي'!C46)) -> كيتا | D72: =IF($B72="","",42) -> 42 | E72: =IF('الإدخال اليومي'!$B46="","",IF('الإدخال اليومي'!AD46="","",'الإدخال اليومي'!AD46)) -> فري لانسر | F72: =IF($B72="","",'الإدخال اليومي'!I46) -> 275 | G72: =IF($B72="","",IF(N('الإدخال اليومي'!AG46)=0,"",'الإدخال اليومي'!AG46)) | H72: =IF('الإدخال اليومي'!$B46="","",IF('الإدخال اليومي'!AE46="","",'الإدخال اليومي'!AE46)) -> خالد عباس | I72: =IF($B72="","",IFERROR(INDEX('الإدخال اليومي'!K46:AA46,MATCH(الإعدادات!$B$2,'الإدخال اليومي'!$K$3:$AA$3,0)),0)) -> 16 | J72: =IF('الإدخال اليومي'!$B46="","",IF('الإدخال اليومي'!F46="","",'الإدخال اليومي'!F46)) -> 46293 | K72: =IF($B72="","",N('الإدخال اليومي'!G46)+MAX(0,الإعدادات!$B$2-MAX(الإعدادات!$B$10+1,N(J72))+1)-SUMPRODUCT(('الإدخال اليومي'!$L46:$AA46>0)*('الإدخال اليومي'!$L$3:$AA$3>=MAX(الإعدادات!$B$10+1,N(J72)))*('الإدخال اليومي'!$L$3:$AA$3<=الإعدادات!$B$2))) -> 1 | L72: =IF($B72="","",MAX(0,الإعدادات!$B$10-IF(J72="",الإعدادات!$B$9,MAX(J72,الإعدادات!$B$9))+1-N('الإدخال اليومي'!G46))+SUMPRODUCT(('الإدخال اليومي'!$L46:$AA46>0)*('الإدخال اليومي'!$L$3:$AA$3>=MAX(الإعدادات!$B$10+1,N(J72)))*('الإدخال اليومي'!$L$3:$AA$3<=الإعدادات!$B$2))) -> 16 | M72: =IF($B72="","",IF(C72="امازون","",(IFERROR(INDEX(الإعدادات!$B$19:$B$22,MATCH(C72,الإعدادات!$A$19:$A$22,0)),الإعدادات!$B$3)/الإعدادات!$B$4)*L72)) -> 240 | N72: =IF($B72="","",IF(OR(M72="",M72=0),"",F72/M72)) -> 1.1458333 | O72: =IF($B72="","",IF(OR(C72="امازون",L72=0),"",ROUND(F72/L72*الإعدادات!$B$4,0))) -> 516 | P72: =IF($B72="","",IF('الإدخال اليومي'!AF46="لا يعمل","مستبعد (ترك العمل)",IF('الإدخال اليومي'!AF46="اجازه","مستبعد (اجازة)",IF(C72="امازون","امازون (شحنات)",IF(L72=0,"مستبعد (لم يعمل)",IF(F72>=M72,"حقق",IF(F72>=M72*الإعدادات!$B$8,"قريب","بعيد"))))))) -> حقق | Q72: =IF($B72="","",TRIM('الإدخال اليومي'!H46&IF(N('الإدخال اليومي'!AC46)>0," | + "&'الإدخال اليومي'!AC46&" طلب من "&'الإدخال اليومي'!AB46&" (محسوبة في الإجمالي)",""))) | R72: =IF($B72="",0,SUBTOTAL(103,B72)) -> 1 | S72: =IF($B72="","",IF('الإدخال اليومي'!AF46="","يعمل",'الإدخال اليومي'!AF46)) -> يعمل
A73: =IF('الإدخال اليومي'!$B47="","",IF('الإدخال اليومي'!A47="","",'الإدخال اليومي'!A47)) -> 2609179607 | B73: =IF('الإدخال اليومي'!$B47="","",IF('الإدخال اليومي'!B47="","",'الإدخال اليومي'!B47)) -> احمد محمود أحمد زيدان | C73: =IF('الإدخال اليومي'!$B47="","",IF('الإدخال اليومي'!C47="","",'الإدخال اليومي'!C47)) -> كيتا | D73: =IF($B73="","",43) -> 43 | E73: =IF('الإدخال اليومي'!$B47="","",IF('الإدخال اليومي'!AD47="","",'الإدخال اليومي'!AD47)) -> فري لانسر | F73: =IF($B73="","",'الإدخال اليومي'!I47) -> 300 | G73: =IF($B73="","",IF(N('الإدخال اليومي'!AG47)=0,"",'الإدخال اليومي'!AG47)) | H73: =IF('الإدخال اليومي'!$B47="","",IF('الإدخال اليومي'!AE47="","",'الإدخال اليومي'!AE47)) -> خالد عباس | I73: =IF($B73="","",IFERROR(INDEX('الإدخال اليومي'!K47:AA47,MATCH(الإعدادات!$B$2,'الإدخال اليومي'!$K$3:$AA$3,0)),0)) -> 22 | J73: =IF('الإدخال اليومي'!$B47="","",IF('الإدخال اليومي'!F47="","",'الإدخال اليومي'!F47)) -> 46204 | K73: =IF($B73="","",N('الإدخال اليومي'!G47)+MAX(0,الإعدادات!$B$2-MAX(الإعدادات!$B$10+1,N(J73))+1)-SUMPRODUCT(('الإدخال اليومي'!$L47:$AA47>0)*('الإدخال اليومي'!$L$3:$AA$3>=MAX(الإعدادات!$B$10+1,N(J73)))*('الإدخال اليومي'!$L$3:$AA$3<=الإعدادات!$B$2))) -> 0 | L73: =IF($B73="","",MAX(0,الإعدادات!$B$10-IF(J73="",الإعدادات!$B$9,MAX(J73,الإعدادات!$B$9))+1-N('الإدخال اليومي'!G47))+SUMPRODUCT(('الإدخال اليومي'!$L47:$AA47>0)*('الإدخال اليومي'!$L$3:$AA$3>=MAX(الإعدادات!$B$10+1,N(J73)))*('الإدخال اليومي'!$L$3:$AA$3<=الإعدادات!$B$2))) -> 17 | M73: =IF($B73="","",IF(C73="امازون","",(IFERROR(INDEX(الإعدادات!$B$19:$B$22,MATCH(C73,الإعدادات!$A$19:$A$22,0)),الإعدادات!$B$3)/الإعدادات!$B$4)*L73)) -> 255 | N73: =IF($B73="","",IF(OR(M73="",M73=0),"",F73/M73)) -> 1.1764706 | O73: =IF($B73="","",IF(OR(C73="امازون",L73=0),"",ROUND(F73/L73*الإعدادات!$B$4,0))) -> 529 | P73: =IF($B73="","",IF('الإدخال اليومي'!AF47="لا يعمل","مستبعد (ترك العمل)",IF('الإدخال اليومي'!AF47="اجازه","مستبعد (اجازة)",IF(C73="امازون","امازون (شحنات)",IF(L73=0,"مستبعد (لم يعمل)",IF(F73>=M73,"حقق",IF(F73>=M73*الإعدادات!$B$8,"قريب","بعيد"))))))) -> حقق | Q73: =IF($B73="","",TRIM('الإدخال اليومي'!H47&IF(N('الإدخال اليومي'!AC47)>0," | + "&'الإدخال اليومي'!AC47&" طلب من "&'الإدخال اليومي'!AB47&" (محسوبة في الإجمالي)",""))) | R73: =IF($B73="",0,SUBTOTAL(103,B73)) -> 1 | S73: =IF($B73="","",IF('الإدخال اليومي'!AF47="","يعمل",'الإدخال اليومي'!AF47)) -> يعمل
A74: =IF('الإدخال اليومي'!$B48="","",IF('الإدخال اليومي'!A48="","",'الإدخال اليومي'!A48)) -> 2586502839 | B74: =IF('الإدخال اليومي'!$B48="","",IF('الإدخال اليومي'!B48="","",'الإدخال اليومي'!B48)) -> صلاح الدين | C74: =IF('الإدخال اليومي'!$B48="","",IF('الإدخال اليومي'!C48="","",'الإدخال اليومي'!C48)) -> كيتا | D74: =IF($B74="","",44) -> 44 | E74: =IF('الإدخال اليومي'!$B48="","",IF('الإدخال اليومي'!AD48="","",'الإدخال اليومي'!AD48)) -> فري لانسر | F74: =IF($B74="","",'الإدخال اليومي'!I48) -> 298 | G74: =IF($B74="","",IF(N('الإدخال اليومي'!AG48)=0,"",'الإدخال اليومي'!AG48)) | H74: =IF('الإدخال اليومي'!$B48="","",IF('الإدخال اليومي'!AE48="","",'الإدخال اليومي'!AE48)) -> خالد عباس | I74: =IF($B74="","",IFERROR(INDEX('الإدخال اليومي'!K48:AA48,MATCH(الإعدادات!$B$2,'الإدخال اليومي'!$K$3:$AA$3,0)),0)) -> 17 | J74: =IF('الإدخال اليومي'!$B48="","",IF('الإدخال اليومي'!F48="","",'الإدخال اليومي'!F48)) -> 46204 | K74: =IF($B74="","",N('الإدخال اليومي'!G48)+MAX(0,الإعدادات!$B$2-MAX(الإعدادات!$B$10+1,N(J74))+1)-SUMPRODUCT(('الإدخال اليومي'!$L48:$AA48>0)*('الإدخال اليومي'!$L$3:$AA$3>=MAX(الإعدادات!$B$10+1,N(J74)))*('الإدخال اليومي'!$L$3:$AA$3<=الإعدادات!$B$2))) -> 0 | L74: =IF($B74="","",MAX(0,الإعدادات!$B$10-IF(J74="",الإعدادات!$B$9,MAX(J74,الإعدادات!$B$9))+1-N('الإدخال اليومي'!G48))+SUMPRODUCT(('الإدخال اليومي'!$L48:$AA48>0)*('الإدخال اليومي'!$L$3:$AA$3>=MAX(الإعدادات!$B$10+1,N(J74)))*('الإدخال اليومي'!$L$3:$AA$3<=الإعدادات!$B$2))) -> 17 | M74: =IF($B74="","",IF(C74="امازون","",(IFERROR(INDEX(الإعدادات!$B$19:$B$22,MATCH(C74,الإعدادات!$A$19:$A$22,0)),الإعدادات!$B$3)/الإعدادات!$B$4)*L74)) -> 255 | N74: =IF($B74="","",IF(OR(M74="",M74=0),"",F74/M74)) -> 1.1686275 | O74: =IF($B74="","",IF(OR(C74="امازون",L74=0),"",ROUND(F74/L74*الإعدادات!$B$4,0))) -> 526 | P74: =IF($B74="","",IF('الإدخال اليومي'!AF48="لا يعمل","مستبعد (ترك العمل)",IF('الإدخال اليومي'!AF48="اجازه","مستبعد (اجازة)",IF(C74="امازون","امازون (شحنات)",IF(L74=0,"مستبعد (لم يعمل)",IF(F74>=M74,"حقق",IF(F74>=M74*الإعدادات!$B$8,"قريب","بعيد"))))))) -> حقق | Q74: =IF($B74="","",TRIM('الإدخال اليومي'!H48&IF(N('الإدخال اليومي'!AC48)>0," | + "&'الإدخال اليومي'!AC48&" طلب من "&'الإدخال اليومي'!AB48&" (محسوبة في الإجمالي)",""))) | R74: =IF($B74="",0,SUBTOTAL(103,B74)) -> 1 | S74: =IF($B74="","",IF('الإدخال اليومي'!AF48="","يعمل",'الإدخال اليومي'!AF48)) -> يعمل
A75: =IF('الإدخال اليومي'!$B49="","",IF('الإدخال اليومي'!A49="","",'الإدخال اليومي'!A49)) -> 2553949062 | B75: =IF('الإدخال اليومي'!$B49="","",IF('الإدخال اليومي'!B49="","",'الإدخال اليومي'!B49)) -> محمد أحمد فوزى أبوعجور | C75: =IF('الإدخال اليومي'!$B49="","",IF('الإدخال اليومي'!C49="","",'الإدخال اليومي'!C49)) -> كيتا | D75: =IF($B75="","",45) -> 45 | E75: =IF('الإدخال اليومي'!$B49="","",IF('الإدخال اليومي'!AD49="","",'الإدخال اليومي'!AD49)) -> كفالة | F75: =IF($B75="","",'الإدخال اليومي'!I49) -> 286 | G75: =IF($B75="","",IF(N('الإدخال اليومي'!AG49)=0,"",'الإدخال اليومي'!AG49)) | H75: =IF('الإدخال اليومي'!$B49="","",IF('الإدخال اليومي'!AE49="","",'الإدخال اليومي'!AE49)) -> محمود خطاب | I75: =IF($B75="","",IFERROR(INDEX('الإدخال اليومي'!K49:AA49,MATCH(الإعدادات!$B$2,'الإدخال اليومي'!$K$3:$AA$3,0)),0)) -> 16 | J75: =IF('الإدخال اليومي'!$B49="","",IF('الإدخال اليومي'!F49="","",'الإدخال اليومي'!F49)) -> 45316 | K75: =IF($B75="","",N('الإدخال اليومي'!G49)+MAX(0,الإعدادات!$B$2-MAX(الإعدادات!$B$10+1,N(J75))+1)-SUMPRODUCT(('الإدخال اليومي'!$L49:$AA49>0)*('الإدخال اليومي'!$L$3:$AA$3>=MAX(الإعدادات!$B$10+1,N(J75)))*('الإدخال اليومي'!$L$3:$AA$3<=الإعدادات!$B$2))) -> 0 | L75: =IF($B75="","",MAX(0,الإعدادات!$B$10-IF(J75="",الإعدادات!$B$9,MAX(J75,الإعدادات!$B$9))+1-N('الإدخال اليومي'!G49))+SUMPRODUCT(('الإدخال اليومي'!$L49:$AA49>0)*('الإدخال اليومي'!$L$3:$AA$3>=MAX(الإعدادات!$B$10+1,N(J75)))*('الإدخال اليومي'!$L$3:$AA$3<=الإعدادات!$B$2))) -> 17 | M75: =IF($B75="","",IF(C75="امازون","",(IFERROR(INDEX(الإعدادات!$B$19:$B$22,MATCH(C75,الإعدادات!$A$19:$A$22,0)),الإعدادات!$B$3)/الإعدادات!$B$4)*L75)) -> 255 | N75: =IF($B75="","",IF(OR(M75="",M75=0),"",F75/M75)) -> 1.1215686 | O75: =IF($B75="","",IF(OR(C75="امازون",L75=0),"",ROUND(F75/L75*الإعدادات!$B$4,0))) -> 505 | P75: =IF($B75="","",IF('الإدخال اليومي'!AF49="لا يعمل","مستبعد (ترك العمل)",IF('الإدخال اليومي'!AF49="اجازه","مستبعد (اجازة)",IF(C75="امازون","امازون (شحنات)",IF(L75=0,"مستبعد (لم يعمل)",IF(F75>=M75,"حقق",IF(F75>=M75*الإعدادات!$B$8,"قريب","بعيد"))))))) -> حقق | Q75: =IF($B75="","",TRIM('الإدخال اليومي'!H49&IF(N('الإدخال اليومي'!AC49)>0," | + "&'الإدخال اليومي'!AC49&" طلب من "&'الإدخال اليومي'!AB49&" (محسوبة في الإجمالي)",""))) | R75: =IF($B75="",0,SUBTOTAL(103,B75)) -> 1 | S75: =IF($B75="","",IF('الإدخال اليومي'!AF49="","يعمل",'الإدخال اليومي'!AF49)) -> يعمل
A76: =IF('الإدخال اليومي'!$B50="","",IF('الإدخال اليومي'!A50="","",'الإدخال اليومي'!A50)) -> 2557509482 | B76: =IF('الإدخال اليومي'!$B50="","",IF('الإدخال اليومي'!B50="","",'الإدخال اليومي'!B50)) -> MAHMOUDE ABO GARARA | C76: =IF('الإدخال اليومي'!$B50="","",IF('الإدخال اليومي'!C50="","",'الإدخال اليومي'!C50)) -> كيتا | D76: =IF($B76="","",46) -> 46 | E76: =IF('الإدخال اليومي'!$B50="","",IF('الإدخال اليومي'!AD50="","",'الإدخال اليومي'!AD50)) -> كفالة | F76: =IF($B76="","",'الإدخال اليومي'!I50) -> 288 | G76: =IF($B76="","",IF(N('الإدخال اليومي'!AG50)=0,"",'الإدخال اليومي'!AG50)) | H76: =IF('الإدخال اليومي'!$B50="","",IF('الإدخال اليومي'!AE50="","",'الإدخال اليومي'!AE50)) -> محمود خطاب | I76: =IF($B76="","",IFERROR(INDEX('الإدخال اليومي'!K50:AA50,MATCH(الإعدادات!$B$2,'الإدخال اليومي'!$K$3:$AA$3,0)),0)) -> 19 | J76: =IF('الإدخال اليومي'!$B50="","",IF('الإدخال اليومي'!F50="","",'الإدخال اليومي'!F50)) -> 45322 | K76: =IF($B76="","",N('الإدخال اليومي'!G50)+MAX(0,الإعدادات!$B$2-MAX(الإعدادات!$B$10+1,N(J76))+1)-SUMPRODUCT(('الإدخال اليومي'!$L50:$AA50>0)*('الإدخال اليومي'!$L$3:$AA$3>=MAX(الإعدادات!$B$10+1,N(J76)))*('الإدخال اليومي'!$L$3:$AA$3<=الإعدادات!$B$2))) -> 0 | L76: =IF($B76="","",MAX(0,الإعدادات!$B$10-IF(J76="",الإعدادات!$B$9,MAX(J76,الإعدادات!$B$9))+1-N('الإدخال اليومي'!G50))+SUMPRODUCT(('الإدخال اليومي'!$L50:$AA50>0)*('الإدخال اليومي'!$L$3:$AA$3>=MAX(الإعدادات!$B$10+1,N(J76)))*('الإدخال اليومي'!$L$3:$AA$3<=الإعدادات!$B$2))) -> 17 | M76: =IF($B76="","",IF(C76="امازون","",(IFERROR(INDEX(الإعدادات!$B$19:$B$22,MATCH(C76,الإعدادات!$A$19:$A$22,0)),الإعدادات!$B$3)/الإعدادات!$B$4)*L76)) -> 255 | N76: =IF($B76="","",IF(OR(M76="",M76=0),"",F76/M76)) -> 1.1294118 | O76: =IF($B76="","",IF(OR(C76="امازون",L76=0),"",ROUND(F76/L76*الإعدادات!$B$4,0))) -> 508 | P76: =IF($B76="","",IF('الإدخال اليومي'!AF50="لا يعمل","مستبعد (ترك العمل)",IF('الإدخال اليومي'!AF50="اجازه","مستبعد (اجازة)",IF(C76="امازون","امازون (شحنات)",IF(L76=0,"مستبعد (لم يعمل)",IF(F76>=M76,"حقق",IF(F76>=M76*الإعدادات!$B$8,"قريب","بعيد"))))))) -> حقق | Q76: =IF($B76="","",TRIM('الإدخال اليومي'!H50&IF(N('الإدخال اليومي'!AC50)>0," | + "&'الإدخال اليومي'!AC50&" طلب من "&'الإدخال اليومي'!AB50&" (محسوبة في الإجمالي)",""))) | R76: =IF($B76="",0,SUBTOTAL(103,B76)) -> 1 | S76: =IF($B76="","",IF('الإدخال اليومي'!AF50="","يعمل",'الإدخال اليومي'!AF50)) -> يعمل
A77: =IF('الإدخال اليومي'!$B51="","",IF('الإدخال اليومي'!A51="","",'الإدخال اليومي'!A51)) -> 2568883777 | B77: =IF('الإدخال اليومي'!$B51="","",IF('الإدخال اليومي'!B51="","",'الإدخال اليومي'!B51)) -> Jahidul Islam | C77: =IF('الإدخال اليومي'!$B51="","",IF('الإدخال اليومي'!C51="","",'الإدخال اليومي'!C51)) -> كيتا | D77: =IF($B77="","",47) -> 47 | E77: =IF('الإدخال اليومي'!$B51="","",IF('الإدخال اليومي'!AD51="","",'الإدخال اليومي'!AD51)) -> فري لانسر | F77: =IF($B77="","",'الإدخال اليومي'!I51) -> 283 | G77: =IF($B77="","",IF(N('الإدخال اليومي'!AG51)=0,"",'الإدخال اليومي'!AG51)) | H77: =IF('الإدخال اليومي'!$B51="","",IF('الإدخال اليومي'!AE51="","",'الإدخال اليومي'!AE51)) -> خالد عباس | I77: =IF($B77="","",IFERROR(INDEX('الإدخال اليومي'!K51:AA51,MATCH(الإعدادات!$B$2,'الإدخال اليومي'!$K$3:$AA$3,0)),0)) -> 19 | J77: =IF('الإدخال اليومي'!$B51="","",IF('الإدخال اليومي'!F51="","",'الإدخال اليومي'!F51)) -> 46204 | K77: =IF($B77="","",N('الإدخال اليومي'!G51)+MAX(0,الإعدادات!$B$2-MAX(الإعدادات!$B$10+1,N(J77))+1)-SUMPRODUCT(('الإدخال اليومي'!$L51:$AA51>0)*('الإدخال اليومي'!$L$3:$AA$3>=MAX(الإعدادات!$B$10+1,N(J77)))*('الإدخال اليومي'!$L$3:$AA$3<=الإعدادات!$B$2))) -> 0 | L77: =IF($B77="","",MAX(0,الإعدادات!$B$10-IF(J77="",الإعدادات!$B$9,MAX(J77,الإعدادات!$B$9))+1-N('الإدخال اليومي'!G51))+SUMPRODUCT(('الإدخال اليومي'!$L51:$AA51>0)*('الإدخال اليومي'!$L$3:$AA$3>=MAX(الإعدادات!$B$10+1,N(J77)))*('الإدخال اليومي'!$L$3:$AA$3<=الإعدادات!$B$2))) -> 17 | M77: =IF($B77="","",IF(C77="امازون","",(IFERROR(INDEX(الإعدادات!$B$19:$B$22,MATCH(C77,الإعدادات!$A$19:$A$22,0)),الإعدادات!$B$3)/الإعدادات!$B$4)*L77)) -> 255 | N77: =IF($B77="","",IF(OR(M77="",M77=0),"",F77/M77)) -> 1.1098039 | O77: =IF($B77="","",IF(OR(C77="امازون",L77=0),"",ROUND(F77/L77*الإعدادات!$B$4,0))) -> 499 | P77: =IF($B77="","",IF('الإدخال اليومي'!AF51="لا يعمل","مستبعد (ترك العمل)",IF('الإدخال اليومي'!AF51="اجازه","مستبعد (اجازة)",IF(C77="امازون","امازون (شحنات)",IF(L77=0,"مستبعد (لم يعمل)",IF(F77>=M77,"حقق",IF(F77>=M77*الإعدادات!$B$8,"قريب","بعيد"))))))) -> حقق | Q77: =IF($B77="","",TRIM('الإدخال اليومي'!H51&IF(N('الإدخال اليومي'!AC51)>0," | + "&'الإدخال اليومي'!AC51&" طلب من "&'الإدخال اليومي'!AB51&" (محسوبة في الإجمالي)",""))) | R77: =IF($B77="",0,SUBTOTAL(103,B77)) -> 1 | S77: =IF($B77="","",IF('الإدخال اليومي'!AF51="","يعمل",'الإدخال اليومي'!AF51)) -> يعمل
A78: =IF('الإدخال اليومي'!$B52="","",IF('الإدخال اليومي'!A52="","",'الإدخال اليومي'!A52)) -> 2562201455 | B78: =IF('الإدخال اليومي'!$B52="","",IF('الإدخال اليومي'!B52="","",'الإدخال اليومي'!B52)) -> TANVEER SHAFI | C78: =IF('الإدخال اليومي'!$B52="","",IF('الإدخال اليومي'!C52="","",'الإدخال اليومي'!C52)) -> كيتا | D78: =IF($B78="","",48) -> 48 | E78: =IF('الإدخال اليومي'!$B52="","",IF('الإدخال اليومي'!AD52="","",'الإدخال اليومي'!AD52)) -> كفالة | F78: =IF($B78="","",'الإدخال اليومي'!I52) -> 278 | G78: =IF($B78="","",IF(N('الإدخال اليومي'!AG52)=0,"",'الإدخال اليومي'!AG52)) | H78: =IF('الإدخال اليومي'!$B52="","",IF('الإدخال اليومي'!AE52="","",'الإدخال اليومي'!AE52)) -> محمود خطاب | I78: =IF($B78="","",IFERROR(INDEX('الإدخال اليومي'!K52:AA52,MATCH(الإعدادات!$B$2,'الإدخال اليومي'!$K$3:$AA$3,0)),0)) -> 19 | J78: =IF('الإدخال اليومي'!$B52="","",IF('الإدخال اليومي'!F52="","",'الإدخال اليومي'!F52)) -> 45351 | K78: =IF($B78="","",N('الإدخال اليومي'!G52)+MAX(0,الإعدادات!$B$2-MAX(الإعدادات!$B$10+1,N(J78))+1)-SUMPRODUCT(('الإدخال اليومي'!$L52:$AA52>0)*('الإدخال اليومي'!$L$3:$AA$3>=MAX(الإعدادات!$B$10+1,N(J78)))*('الإدخال اليومي'!$L$3:$AA$3<=الإعدادات!$B$2))) -> 0 | L78: =IF($B78="","",MAX(0,الإعدادات!$B$10-IF(J78="",الإعدادات!$B$9,MAX(J78,الإعدادات!$B$9))+1-N('الإدخال اليومي'!G52))+SUMPRODUCT(('الإدخال اليومي'!$L52:$AA52>0)*('الإدخال اليومي'!$L$3:$AA$3>=MAX(الإعدادات!$B$10+1,N(J78)))*('الإدخال اليومي'!$L$3:$AA$3<=الإعدادات!$B$2))) -> 17 | M78: =IF($B78="","",IF(C78="امازون","",(IFERROR(INDEX(الإعدادات!$B$19:$B$22,MATCH(C78,الإعدادات!$A$19:$A$22,0)),الإعدادات!$B$3)/الإعدادات!$B$4)*L78)) -> 255 | N78: =IF($B78="","",IF(OR(M78="",M78=0),"",F78/M78)) -> 1.0901961 | O78: =IF($B78="","",IF(OR(C78="امازون",L78=0),"",ROUND(F78/L78*الإعدادات!$B$4,0))) -> 491 | P78: =IF($B78="","",IF('الإدخال اليومي'!AF52="لا يعمل","مستبعد (ترك العمل)",IF('الإدخال اليومي'!AF52="اجازه","مستبعد (اجازة)",IF(C78="امازون","امازون (شحنات)",IF(L78=0,"مستبعد (لم يعمل)",IF(F78>=M78,"حقق",IF(F78>=M78*الإعدادات!$B$8,"قريب","بعيد"))))))) -> حقق | Q78: =IF($B78="","",TRIM('الإدخال اليومي'!H52&IF(N('الإدخال اليومي'!AC52)>0," | + "&'الإدخال اليومي'!AC52&" طلب من "&'الإدخال اليومي'!AB52&" (محسوبة في الإجمالي)",""))) | R78: =IF($B78="",0,SUBTOTAL(103,B78)) -> 1 | S78: =IF($B78="","",IF('الإدخال اليومي'!AF52="","يعمل",'الإدخال اليومي'!AF52)) -> يعمل
A79: =IF('الإدخال اليومي'!$B53="","",IF('الإدخال اليومي'!A53="","",'الإدخال اليومي'!A53)) -> 2600845370 | B79: =IF('الإدخال اليومي'!$B53="","",IF('الإدخال اليومي'!B53="","",'الإدخال اليومي'!B53)) -> معين الدين رنا | C79: =IF('الإدخال اليومي'!$B53="","",IF('الإدخال اليومي'!C53="","",'الإدخال اليومي'!C53)) -> كيتا | D79: =IF($B79="","",49) -> 49 | E79: =IF('الإدخال اليومي'!$B53="","",IF('الإدخال اليومي'!AD53="","",'الإدخال اليومي'!AD53)) -> فري لانسر | F79: =IF($B79="","",'الإدخال اليومي'!I53) -> 284 | G79: =IF($B79="","",IF(N('الإدخال اليومي'!AG53)=0,"",'الإدخال اليومي'!AG53)) | H79: =IF('الإدخال اليومي'!$B53="","",IF('الإدخال اليومي'!AE53="","",'الإدخال اليومي'!AE53)) -> خالد عباس | I79: =IF($B79="","",IFERROR(INDEX('الإدخال اليومي'!K53:AA53,MATCH(الإعدادات!$B$2,'الإدخال اليومي'!$K$3:$AA$3,0)),0)) -> 21 | J79: =IF('الإدخال اليومي'!$B53="","",IF('الإدخال اليومي'!F53="","",'الإدخال اليومي'!F53)) -> 46204 | K79: =IF($B79="","",N('الإدخال اليومي'!G53)+MAX(0,الإعدادات!$B$2-MAX(الإعدادات!$B$10+1,N(J79))+1)-SUMPRODUCT(('الإدخال اليومي'!$L53:$AA53>0)*('الإدخال اليومي'!$L$3:$AA$3>=MAX(الإعدادات!$B$10+1,N(J79)))*('الإدخال اليومي'!$L$3:$AA$3<=الإعدادات!$B$2))) -> 0 | L79: =IF($B79="","",MAX(0,الإعدادات!$B$10-IF(J79="",الإعدادات!$B$9,MAX(J79,الإعدادات!$B$9))+1-N('الإدخال اليومي'!G53))+SUMPRODUCT(('الإدخال اليومي'!$L53:$AA53>0)*('الإدخال اليومي'!$L$3:$AA$3>=MAX(الإعدادات!$B$10+1,N(J79)))*('الإدخال اليومي'!$L$3:$AA$3<=الإعدادات!$B$2))) -> 17 | M79: =IF($B79="","",IF(C79="امازون","",(IFERROR(INDEX(الإعدادات!$B$19:$B$22,MATCH(C79,الإعدادات!$A$19:$A$22,0)),الإعدادات!$B$3)/الإعدادات!$B$4)*L79)) -> 255 | N79: =IF($B79="","",IF(OR(M79="",M79=0),"",F79/M79)) -> 1.1137255 | O79: =IF($B79="","",IF(OR(C79="امازون",L79=0),"",ROUND(F79/L79*الإعدادات!$B$4,0))) -> 501 | P79: =IF($B79="","",IF('الإدخال اليومي'!AF53="لا يعمل","مستبعد (ترك العمل)",IF('الإدخال اليومي'!AF53="اجازه","مستبعد (اجازة)",IF(C79="امازون","امازون (شحنات)",IF(L79=0,"مستبعد (لم يعمل)",IF(F79>=M79,"حقق",IF(F79>=M79*الإعدادات!$B$8,"قريب","بعيد"))))))) -> حقق | Q79: =IF($B79="","",TRIM('الإدخال اليومي'!H53&IF(N('الإدخال اليومي'!AC53)>0," | + "&'الإدخال اليومي'!AC53&" طلب من "&'الإدخال اليومي'!AB53&" (محسوبة في الإجمالي)",""))) | R79: =IF($B79="",0,SUBTOTAL(103,B79)) -> 1 | S79: =IF($B79="","",IF('الإدخال اليومي'!AF53="","يعمل",'الإدخال اليومي'!AF53)) -> يعمل
A80: =IF('الإدخال اليومي'!$B54="","",IF('الإدخال اليومي'!A54="","",'الإدخال اليومي'!A54)) -> 2600468512 | B80: =IF('الإدخال اليومي'!$B54="","",IF('الإدخال اليومي'!B54="","",'الإدخال اليومي'!B54)) -> Rayhan Ahmed Ahmed | C80: =IF('الإدخال اليومي'!$B54="","",IF('الإدخال اليومي'!C54="","",'الإدخال اليومي'!C54)) -> كيتا | D80: =IF($B80="","",50) -> 50 | E80: =IF('الإدخال اليومي'!$B54="","",IF('الإدخال اليومي'!AD54="","",'الإدخال اليومي'!AD54)) -> فري لانسر | F80: =IF($B80="","",'الإدخال اليومي'!I54) -> 287 | G80: =IF($B80="","",IF(N('الإدخال اليومي'!AG54)=0,"",'الإدخال اليومي'!AG54)) | H80: =IF('الإدخال اليومي'!$B54="","",IF('الإدخال اليومي'!AE54="","",'الإدخال اليومي'!AE54)) -> خالد عباس | I80: =IF($B80="","",IFERROR(INDEX('الإدخال اليومي'!K54:AA54,MATCH(الإعدادات!$B$2,'الإدخال اليومي'!$K$3:$AA$3,0)),0)) -> 22 | J80: =IF('الإدخال اليومي'!$B54="","",IF('الإدخال اليومي'!F54="","",'الإدخال اليومي'!F54)) -> 46204 | K80: =IF($B80="","",N('الإدخال اليومي'!G54)+MAX(0,الإعدادات!$B$2-MAX(الإعدادات!$B$10+1,N(J80))+1)-SUMPRODUCT(('الإدخال اليومي'!$L54:$AA54>0)*('الإدخال اليومي'!$L$3:$AA$3>=MAX(الإعدادات!$B$10+1,N(J80)))*('الإدخال اليومي'!$L$3:$AA$3<=الإعدادات!$B$2))) -> 0 | L80: =IF($B80="","",MAX(0,الإعدادات!$B$10-IF(J80="",الإعدادات!$B$9,MAX(J80,الإعدادات!$B$9))+1-N('الإدخال اليومي'!G54))+SUMPRODUCT(('الإدخال اليومي'!$L54:$AA54>0)*('الإدخال اليومي'!$L$3:$AA$3>=MAX(الإعدادات!$B$10+1,N(J80)))*('الإدخال اليومي'!$L$3:$AA$3<=الإعدادات!$B$2))) -> 17 | M80: =IF($B80="","",IF(C80="امازون","",(IFERROR(INDEX(الإعدادات!$B$19:$B$22,MATCH(C80,الإعدادات!$A$19:$A$22,0)),الإعدادات!$B$3)/الإعدادات!$B$4)*L80)) -> 255 | N80: =IF($B80="","",IF(OR(M80="",M80=0),"",F80/M80)) -> 1.1254902 | O80: =IF($B80="","",IF(OR(C80="امازون",L80=0),"",ROUND(F80/L80*الإعدادات!$B$4,0))) -> 506 | P80: =IF($B80="","",IF('الإدخال اليومي'!AF54="لا يعمل","مستبعد (ترك العمل)",IF('الإدخال اليومي'!AF54="اجازه","مستبعد (اجازة)",IF(C80="امازون","امازون (شحنات)",IF(L80=0,"مستبعد (لم يعمل)",IF(F80>=M80,"حقق",IF(F80>=M80*الإعدادات!$B$8,"قريب","بعيد"))))))) -> حقق | Q80: =IF($B80="","",TRIM('الإدخال اليومي'!H54&IF(N('الإدخال اليومي'!AC54)>0," | + "&'الإدخال اليومي'!AC54&" طلب من "&'الإدخال اليومي'!AB54&" (محسوبة في الإجمالي)",""))) | R80: =IF($B80="",0,SUBTOTAL(103,B80)) -> 1 | S80: =IF($B80="","",IF('الإدخال اليومي'!AF54="","يعمل",'الإدخال اليومي'!AF54)) -> يعمل
A81: =IF('الإدخال اليومي'!$B55="","",IF('الإدخال اليومي'!A55="","",'الإدخال اليومي'!A55)) -> 2613704226 | B81: =IF('الإدخال اليومي'!$B55="","",IF('الإدخال اليومي'!B55="","",'الإدخال اليومي'!B55)) -> mohammed anuar mia | C81: =IF('الإدخال اليومي'!$B55="","",IF('الإدخال اليومي'!C55="","",'الإدخال اليومي'!C55)) -> كيتا | D81: =IF($B81="","",51) -> 51 | E81: =IF('الإدخال اليومي'!$B55="","",IF('الإدخال اليومي'!AD55="","",'الإدخال اليومي'!AD55)) -> فري لانسر | F81: =IF($B81="","",'الإدخال اليومي'!I55) -> 266 | G81: =IF($B81="","",IF(N('الإدخال اليومي'!AG55)=0,"",'الإدخال اليومي'!AG55)) | H81: =IF('الإدخال اليومي'!$B55="","",IF('الإدخال اليومي'!AE55="","",'الإدخال اليومي'!AE55)) -> خالد عباس | I81: =IF($B81="","",IFERROR(INDEX('الإدخال اليومي'!K55:AA55,MATCH(الإعدادات!$B$2,'الإدخال اليومي'!$K$3:$AA$3,0)),0)) -> 9 | J81: =IF('الإدخال اليومي'!$B55="","",IF('الإدخال اليومي'!F55="","",'الإدخال اليومي'!F55)) -> 46204 | K81: =IF($B81="","",N('الإدخال اليومي'!G55)+MAX(0,الإعدادات!$B$2-MAX(الإعدادات!$B$10+1,N(J81))+1)-SUMPRODUCT(('الإدخال اليومي'!$L55:$AA55>0)*('الإدخال اليومي'!$L$3:$AA$3>=MAX(الإعدادات!$B$10+1,N(J81)))*('الإدخال اليومي'!$L$3:$AA$3<=الإعدادات!$B$2))) -> 0 | L81: =IF($B81="","",MAX(0,الإعدادات!$B$10-IF(J81="",الإعدادات!$B$9,MAX(J81,الإعدادات!$B$9))+1-N('الإدخال اليومي'!G55))+SUMPRODUCT(('الإدخال اليومي'!$L55:$AA55>0)*('الإدخال اليومي'!$L$3:$AA$3>=MAX(الإعدادات!$B$10+1,N(J81)))*('الإدخال اليومي'!$L$3:$AA$3<=الإعدادات!$B$2))) -> 17 | M81: =IF($B81="","",IF(C81="امازون","",(IFERROR(INDEX(الإعدادات!$B$19:$B$22,MATCH(C81,الإعدادات!$A$19:$A$22,0)),الإعدادات!$B$3)/الإعدادات!$B$4)*L81)) -> 255 | N81: =IF($B81="","",IF(OR(M81="",M81=0),"",F81/M81)) -> 1.0431373 | O81: =IF($B81="","",IF(OR(C81="امازون",L81=0),"",ROUND(F81/L81*الإعدادات!$B$4,0))) -> 469 | P81: =IF($B81="","",IF('الإدخال اليومي'!AF55="لا يعمل","مستبعد (ترك العمل)",IF('الإدخال اليومي'!AF55="اجازه","مستبعد (اجازة)",IF(C81="امازون","امازون (شحنات)",IF(L81=0,"مستبعد (لم يعمل)",IF(F81>=M81,"حقق",IF(F81>=M81*الإعدادات!$B$8,"قريب","بعيد"))))))) -> حقق | Q81: =IF($B81="","",TRIM('الإدخال اليومي'!H55&IF(N('الإدخال اليومي'!AC55)>0," | + "&'الإدخال اليومي'!AC55&" طلب من "&'الإدخال اليومي'!AB55&" (محسوبة في الإجمالي)",""))) -> أسناد ضعيف | R81: =IF($B81="",0,SUBTOTAL(103,B81)) -> 1 | S81: =IF($B81="","",IF('الإدخال اليومي'!AF55="","يعمل",'الإدخال اليومي'!AF55)) -> يعمل
A82: =IF('الإدخال اليومي'!$B56="","",IF('الإدخال اليومي'!A56="","",'الإدخال اليومي'!A56)) -> 2571010418 | B82: =IF('الإدخال اليومي'!$B56="","",IF('الإدخال اليومي'!B56="","",'الإدخال اليومي'!B56)) -> MD SHRABON | C82: =IF('الإدخال اليومي'!$B56="","",IF('الإدخال اليومي'!C56="","",'الإدخال اليومي'!C56)) -> كيتا | D82: =IF($B82="","",52) -> 52 | E82: =IF('الإدخال اليومي'!$B56="","",IF('الإدخال اليومي'!AD56="","",'الإدخال اليومي'!AD56)) -> فري لانسر | F82: =IF($B82="","",'الإدخال اليومي'!I56) -> 284 | G82: =IF($B82="","",IF(N('الإدخال اليومي'!AG56)=0,"",'الإدخال اليومي'!AG56)) | H82: =IF('الإدخال اليومي'!$B56="","",IF('الإدخال اليومي'!AE56="","",'الإدخال اليومي'!AE56)) -> خالد عباس | I82: =IF($B82="","",IFERROR(INDEX('الإدخال اليومي'!K56:AA56,MATCH(الإعدادات!$B$2,'الإدخال اليومي'!$K$3:$AA$3,0)),0)) -> 20 | J82: =IF('الإدخال اليومي'!$B56="","",IF('الإدخال اليومي'!F56="","",'الإدخال اليومي'!F56)) -> 46293 | K82: =IF($B82="","",N('الإدخال اليومي'!G56)+MAX(0,الإعدادات!$B$2-MAX(الإعدادات!$B$10+1,N(J82))+1)-SUMPRODUCT(('الإدخال اليومي'!$L56:$AA56>0)*('الإدخال اليومي'!$L$3:$AA$3>=MAX(الإعدادات!$B$10+1,N(J82)))*('الإدخال اليومي'!$L$3:$AA$3<=الإعدادات!$B$2))) -> 0 | L82: =IF($B82="","",MAX(0,الإعدادات!$B$10-IF(J82="",الإعدادات!$B$9,MAX(J82,الإعدادات!$B$9))+1-N('الإدخال اليومي'!G56))+SUMPRODUCT(('الإدخال اليومي'!$L56:$AA56>0)*('الإدخال اليومي'!$L$3:$AA$3>=MAX(الإعدادات!$B$10+1,N(J82)))*('الإدخال اليومي'!$L$3:$AA$3<=الإعدادات!$B$2))) -> 17 | M82: =IF($B82="","",IF(C82="امازون","",(IFERROR(INDEX(الإعدادات!$B$19:$B$22,MATCH(C82,الإعدادات!$A$19:$A$22,0)),الإعدادات!$B$3)/الإعدادات!$B$4)*L82)) -> 255 | N82: =IF($B82="","",IF(OR(M82="",M82=0),"",F82/M82)) -> 1.1137255 | O82: =IF($B82="","",IF(OR(C82="امازون",L82=0),"",ROUND(F82/L82*الإعدادات!$B$4,0))) -> 501 | P82: =IF($B82="","",IF('الإدخال اليومي'!AF56="لا يعمل","مستبعد (ترك العمل)",IF('الإدخال اليومي'!AF56="اجازه","مستبعد (اجازة)",IF(C82="امازون","امازون (شحنات)",IF(L82=0,"مستبعد (لم يعمل)",IF(F82>=M82,"حقق",IF(F82>=M82*الإعدادات!$B$8,"قريب","بعيد"))))))) -> حقق | Q82: =IF($B82="","",TRIM('الإدخال اليومي'!H56&IF(N('الإدخال اليومي'!AC56)>0," | + "&'الإدخال اليومي'!AC56&" طلب من "&'الإدخال اليومي'!AB56&" (محسوبة في الإجمالي)",""))) | R82: =IF($B82="",0,SUBTOTAL(103,B82)) -> 1 | S82: =IF($B82="","",IF('الإدخال اليومي'!AF56="","يعمل",'الإدخال اليومي'!AF56)) -> يعمل
A83: =IF('الإدخال اليومي'!$B57="","",IF('الإدخال اليومي'!A57="","",'الإدخال اليومي'!A57)) -> 2585069020 | B83: =IF('الإدخال اليومي'!$B57="","",IF('الإدخال اليومي'!B57="","",'الإدخال اليومي'!B57)) -> محمد مهدي حسن | C83: =IF('الإدخال اليومي'!$B57="","",IF('الإدخال اليومي'!C57="","",'الإدخال اليومي'!C57)) -> كيتا | D83: =IF($B83="","",53) -> 53 | E83: =IF('الإدخال اليومي'!$B57="","",IF('الإدخال اليومي'!AD57="","",'الإدخال اليومي'!AD57)) -> فري لانسر | F83: =IF($B83="","",'الإدخال اليومي'!I57) -> 277 | G83: =IF($B83="","",IF(N('الإدخال اليومي'!AG57)=0,"",'الإدخال اليومي'!AG57)) | H83: =IF('الإدخال اليومي'!$B57="","",IF('الإدخال اليومي'!AE57="","",'الإدخال اليومي'!AE57)) -> خالد عباس | I83: =IF($B83="","",IFERROR(INDEX('الإدخال اليومي'!K57:AA57,MATCH(الإعدادات!$B$2,'الإدخال اليومي'!$K$3:$AA$3,0)),0)) -> 14 | J83: =IF('الإدخال اليومي'!$B57="","",IF('الإدخال اليومي'!F57="","",'الإدخال اليومي'!F57)) -> 46294 | K83: =IF($B83="","",N('الإدخال اليومي'!G57)+MAX(0,الإعدادات!$B$2-MAX(الإعدادات!$B$10+1,N(J83))+1)-SUMPRODUCT(('الإدخال اليومي'!$L57:$AA57>0)*('الإدخال اليومي'!$L$3:$AA$3>=MAX(الإعدادات!$B$10+1,N(J83)))*('الإدخال اليومي'!$L$3:$AA$3<=الإعدادات!$B$2))) -> 0 | L83: =IF($B83="","",MAX(0,الإعدادات!$B$10-IF(J83="",الإعدادات!$B$9,MAX(J83,الإعدادات!$B$9))+1-N('الإدخال اليومي'!G57))+SUMPRODUCT(('الإدخال اليومي'!$L57:$AA57>0)*('الإدخال اليومي'!$L$3:$AA$3>=MAX(الإعدادات!$B$10+1,N(J83)))*('الإدخال اليومي'!$L$3:$AA$3<=الإعدادات!$B$2))) -> 17 | M83: =IF($B83="","",IF(C83="امازون","",(IFERROR(INDEX(الإعدادات!$B$19:$B$22,MATCH(C83,الإعدادات!$A$19:$A$22,0)),الإعدادات!$B$3)/الإعدادات!$B$4)*L83)) -> 255 | N83: =IF($B83="","",IF(OR(M83="",M83=0),"",F83/M83)) -> 1.0862745 | O83: =IF($B83="","",IF(OR(C83="امازون",L83=0),"",ROUND(F83/L83*الإعدادات!$B$4,0))) -> 489 | P83: =IF($B83="","",IF('الإدخال اليومي'!AF57="لا يعمل","مستبعد (ترك العمل)",IF('الإدخال اليومي'!AF57="اجازه","مستبعد (اجازة)",IF(C83="امازون","امازون (شحنات)",IF(L83=0,"مستبعد (لم يعمل)",IF(F83>=M83,"حقق",IF(F83>=M83*الإعدادات!$B$8,"قريب","بعيد"))))))) -> حقق | Q83: =IF($B83="","",TRIM('الإدخال اليومي'!H57&IF(N('الإدخال اليومي'!AC57)>0," | + "&'الإدخال اليومي'!AC57&" طلب من "&'الإدخال اليومي'!AB57&" (محسوبة في الإجمالي)",""))) | R83: =IF($B83="",0,SUBTOTAL(103,B83)) -> 1 | S83: =IF($B83="","",IF('الإدخال اليومي'!AF57="","يعمل",'الإدخال اليومي'!AF57)) -> يعمل
A84: =IF('الإدخال اليومي'!$B58="","",IF('الإدخال اليومي'!A58="","",'الإدخال اليومي'!A58)) -> 2608568529 | B84: =IF('الإدخال اليومي'!$B58="","",IF('الإدخال اليومي'!B58="","",'الإدخال اليومي'!B58)) -> SAJADE ALZAMANE | C84: =IF('الإدخال اليومي'!$B58="","",IF('الإدخال اليومي'!C58="","",'الإدخال اليومي'!C58)) -> كيتا | D84: =IF($B84="","",54) -> 54 | E84: =IF('الإدخال اليومي'!$B58="","",IF('الإدخال اليومي'!AD58="","",'الإدخال اليومي'!AD58)) -> كفالة | F84: =IF($B84="","",'الإدخال اليومي'!I58) -> 279 | G84: =IF($B84="","",IF(N('الإدخال اليومي'!AG58)=0,"",'الإدخال اليومي'!AG58)) | H84: =IF('الإدخال اليومي'!$B58="","",IF('الإدخال اليومي'!AE58="","",'الإدخال اليومي'!AE58)) -> محمود خطاب | I84: =IF($B84="","",IFERROR(INDEX('الإدخال اليومي'!K58:AA58,MATCH(الإعدادات!$B$2,'الإدخال اليومي'!$K$3:$AA$3,0)),0)) -> 19 | J84: =IF('الإدخال اليومي'!$B58="","",IF('الإدخال اليومي'!F58="","",'الإدخال اليومي'!F58)) -> 46139 | K84: =IF($B84="","",N('الإدخال اليومي'!G58)+MAX(0,الإعدادات!$B$2-MAX(الإعدادات!$B$10+1,N(J84))+1)-SUMPRODUCT(('الإدخال اليومي'!$L58:$AA58>0)*('الإدخال اليومي'!$L$3:$AA$3>=MAX(الإعدادات!$B$10+1,N(J84)))*('الإدخال اليومي'!$L$3:$AA$3<=الإعدادات!$B$2))) -> 0 | L84: =IF($B84="","",MAX(0,الإعدادات!$B$10-IF(J84="",الإعدادات!$B$9,MAX(J84,الإعدادات!$B$9))+1-N('الإدخال اليومي'!G58))+SUMPRODUCT(('الإدخال اليومي'!$L58:$AA58>0)*('الإدخال اليومي'!$L$3:$AA$3>=MAX(الإعدادات!$B$10+1,N(J84)))*('الإدخال اليومي'!$L$3:$AA$3<=الإعدادات!$B$2))) -> 17 | M84: =IF($B84="","",IF(C84="امازون","",(IFERROR(INDEX(الإعدادات!$B$19:$B$22,MATCH(C84,الإعدادات!$A$19:$A$22,0)),الإعدادات!$B$3)/الإعدادات!$B$4)*L84)) -> 255 | N84: =IF($B84="","",IF(OR(M84="",M84=0),"",F84/M84)) -> 1.0941176 | O84: =IF($B84="","",IF(OR(C84="امازون",L84=0),"",ROUND(F84/L84*الإعدادات!$B$4,0))) -> 492 | P84: =IF($B84="","",IF('الإدخال اليومي'!AF58="لا يعمل","مستبعد (ترك العمل)",IF('الإدخال اليومي'!AF58="اجازه","مستبعد (اجازة)",IF(C84="امازون","امازون (شحنات)",IF(L84=0,"مستبعد (لم يعمل)",IF(F84>=M84,"حقق",IF(F84>=M84*الإعدادات!$B$8,"قريب","بعيد"))))))) -> حقق | Q84: =IF($B84="","",TRIM('الإدخال اليومي'!H58&IF(N('الإدخال اليومي'!AC58)>0," | + "&'الإدخال اليومي'!AC58&" طلب من "&'الإدخال اليومي'!AB58&" (محسوبة في الإجمالي)",""))) | R84: =IF($B84="",0,SUBTOTAL(103,B84)) -> 1 | S84: =IF($B84="","",IF('الإدخال اليومي'!AF58="","يعمل",'الإدخال اليومي'!AF58)) -> يعمل
A85: =IF('الإدخال اليومي'!$B59="","",IF('الإدخال اليومي'!A59="","",'الإدخال اليومي'!A59)) -> 2620532297 | B85: =IF('الإدخال اليومي'!$B59="","",IF('الإدخال اليومي'!B59="","",'الإدخال اليومي'!B59)) -> محمد حلمى احمد | C85: =IF('الإدخال اليومي'!$B59="","",IF('الإدخال اليومي'!C59="","",'الإدخال اليومي'!C59)) -> كيتا | D85: =IF($B85="","",55) -> 55 | E85: =IF('الإدخال اليومي'!$B59="","",IF('الإدخال اليومي'!AD59="","",'الإدخال اليومي'!AD59)) -> فري لانسر | F85: =IF($B85="","",'الإدخال اليومي'!I59) -> 247 | G85: =IF($B85="","",IF(N('الإدخال اليومي'!AG59)=0,"",'الإدخال اليومي'!AG59)) | H85: =IF('الإدخال اليومي'!$B59="","",IF('الإدخال اليومي'!AE59="","",'الإدخال اليومي'!AE59)) -> خالد عباس | I85: =IF($B85="","",IFERROR(INDEX('الإدخال اليومي'!K59:AA59,MATCH(الإعدادات!$B$2,'الإدخال اليومي'!$K$3:$AA$3,0)),0)) -> 8 | J85: =IF('الإدخال اليومي'!$B59="","",IF('الإدخال اليومي'!F59="","",'الإدخال اليومي'!F59)) -> 46284 | K85: =IF($B85="","",N('الإدخال اليومي'!G59)+MAX(0,الإعدادات!$B$2-MAX(الإعدادات!$B$10+1,N(J85))+1)-SUMPRODUCT(('الإدخال اليومي'!$L59:$AA59>0)*('الإدخال اليومي'!$L$3:$AA$3>=MAX(الإعدادات!$B$10+1,N(J85)))*('الإدخال اليومي'!$L$3:$AA$3<=الإعدادات!$B$2))) -> 0 | L85: =IF($B85="","",MAX(0,الإعدادات!$B$10-IF(J85="",الإعدادات!$B$9,MAX(J85,الإعدادات!$B$9))+1-N('الإدخال اليومي'!G59))+SUMPRODUCT(('الإدخال اليومي'!$L59:$AA59>0)*('الإدخال اليومي'!$L$3:$AA$3>=MAX(الإعدادات!$B$10+1,N(J85)))*('الإدخال اليومي'!$L$3:$AA$3<=الإعدادات!$B$2))) -> 17 | M85: =IF($B85="","",IF(C85="امازون","",(IFERROR(INDEX(الإعدادات!$B$19:$B$22,MATCH(C85,الإعدادات!$A$19:$A$22,0)),الإعدادات!$B$3)/الإعدادات!$B$4)*L85)) -> 255 | N85: =IF($B85="","",IF(OR(M85="",M85=0),"",F85/M85)) -> 0.96862745 | O85: =IF($B85="","",IF(OR(C85="امازون",L85=0),"",ROUND(F85/L85*الإعدادات!$B$4,0))) -> 436 | P85: =IF($B85="","",IF('الإدخال اليومي'!AF59="لا يعمل","مستبعد (ترك العمل)",IF('الإدخال اليومي'!AF59="اجازه","مستبعد (اجازة)",IF(C85="امازون","امازون (شحنات)",IF(L85=0,"مستبعد (لم يعمل)",IF(F85>=M85,"حقق",IF(F85>=M85*الإعدادات!$B$8,"قريب","بعيد"))))))) -> قريب | Q85: =IF($B85="","",TRIM('الإدخال اليومي'!H59&IF(N('الإدخال اليومي'!AC59)>0," | + "&'الإدخال اليومي'!AC59&" طلب من "&'الإدخال اليومي'!AB59&" (محسوبة في الإجمالي)",""))) -> مريض ولم يستطع استكمال العمل | R85: =IF($B85="",0,SUBTOTAL(103,B85)) -> 1 | S85: =IF($B85="","",IF('الإدخال اليومي'!AF59="","يعمل",'الإدخال اليومي'!AF59)) -> يعمل
A86: =IF('الإدخال اليومي'!$B60="","",IF('الإدخال اليومي'!A60="","",'الإدخال اليومي'!A60)) -> 2567275397 | B86: =IF('الإدخال اليومي'!$B60="","",IF('الإدخال اليومي'!B60="","",'الإدخال اليومي'!B60)) -> md badal hossain | C86: =IF('الإدخال اليومي'!$B60="","",IF('الإدخال اليومي'!C60="","",'الإدخال اليومي'!C60)) -> كيتا | D86: =IF($B86="","",56) -> 56 | E86: =IF('الإدخال اليومي'!$B60="","",IF('الإدخال اليومي'!AD60="","",'الإدخال اليومي'!AD60)) -> فري لانسر | F86: =IF($B86="","",'الإدخال اليومي'!I60) -> 269 | G86: =IF($B86="","",IF(N('الإدخال اليومي'!AG60)=0,"",'الإدخال اليومي'!AG60)) | H86: =IF('الإدخال اليومي'!$B60="","",IF('الإدخال اليومي'!AE60="","",'الإدخال اليومي'!AE60)) -> خالد عباس | I86: =IF($B86="","",IFERROR(INDEX('الإدخال اليومي'!K60:AA60,MATCH(الإعدادات!$B$2,'الإدخال اليومي'!$K$3:$AA$3,0)),0)) -> 19 | J86: =IF('الإدخال اليومي'!$B60="","",IF('الإدخال اليومي'!F60="","",'الإدخال اليومي'!F60)) -> 46204 | K86: =IF($B86="","",N('الإدخال اليومي'!G60)+MAX(0,الإعدادات!$B$2-MAX(الإعدادات!$B$10+1,N(J86))+1)-SUMPRODUCT(('الإدخال اليومي'!$L60:$AA60>0)*('الإدخال اليومي'!$L$3:$AA$3>=MAX(الإعدادات!$B$10+1,N(J86)))*('الإدخال اليومي'!$L$3:$AA$3<=الإعدادات!$B$2))) -> 0 | L86: =IF($B86="","",MAX(0,الإعدادات!$B$10-IF(J86="",الإعدادات!$B$9,MAX(J86,الإعدادات!$B$9))+1-N('الإدخال اليومي'!G60))+SUMPRODUCT(('الإدخال اليومي'!$L60:$AA60>0)*('الإدخال اليومي'!$L$3:$AA$3>=MAX(الإعدادات!$B$10+1,N(J86)))*('الإدخال اليومي'!$L$3:$AA$3<=الإعدادات!$B$2))) -> 17 | M86: =IF($B86="","",IF(C86="امازون","",(IFERROR(INDEX(الإعدادات!$B$19:$B$22,MATCH(C86,الإعدادات!$A$19:$A$22,0)),الإعدادات!$B$3)/الإعدادات!$B$4)*L86)) -> 255 | N86: =IF($B86="","",IF(OR(M86="",M86=0),"",F86/M86)) -> 1.054902 | O86: =IF($B86="","",IF(OR(C86="امازون",L86=0),"",ROUND(F86/L86*الإعدادات!$B$4,0))) -> 475 | P86: =IF($B86="","",IF('الإدخال اليومي'!AF60="لا يعمل","مستبعد (ترك العمل)",IF('الإدخال اليومي'!AF60="اجازه","مستبعد (اجازة)",IF(C86="امازون","امازون (شحنات)",IF(L86=0,"مستبعد (لم يعمل)",IF(F86>=M86,"حقق",IF(F86>=M86*الإعدادات!$B$8,"قريب","بعيد"))))))) -> حقق | Q86: =IF($B86="","",TRIM('الإدخال اليومي'!H60&IF(N('الإدخال اليومي'!AC60)>0," | + "&'الإدخال اليومي'!AC60&" طلب من "&'الإدخال اليومي'!AB60&" (محسوبة في الإجمالي)",""))) | R86: =IF($B86="",0,SUBTOTAL(103,B86)) -> 1 | S86: =IF($B86="","",IF('الإدخال اليومي'!AF60="","يعمل",'الإدخال اليومي'!AF60)) -> يعمل
A87: =IF('الإدخال اليومي'!$B61="","",IF('الإدخال اليومي'!A61="","",'الإدخال اليومي'!A61)) -> 2553949161 | B87: =IF('الإدخال اليومي'!$B61="","",IF('الإدخال اليومي'!B61="","",'الإدخال اليومي'!B61)) -> HASAN ALI ELSHAMY | C87: =IF('الإدخال اليومي'!$B61="","",IF('الإدخال اليومي'!C61="","",'الإدخال اليومي'!C61)) -> كيتا | D87: =IF($B87="","",57) -> 57 | E87: =IF('الإدخال اليومي'!$B61="","",IF('الإدخال اليومي'!AD61="","",'الإدخال اليومي'!AD61)) -> كفالة | F87: =IF($B87="","",'الإدخال اليومي'!I61) -> 253 | G87: =IF($B87="","",IF(N('الإدخال اليومي'!AG61)=0,"",'الإدخال اليومي'!AG61)) | H87: =IF('الإدخال اليومي'!$B61="","",IF('الإدخال اليومي'!AE61="","",'الإدخال اليومي'!AE61)) -> محمود خطاب | I87: =IF($B87="","",IFERROR(INDEX('الإدخال اليومي'!K61:AA61,MATCH(الإعدادات!$B$2,'الإدخال اليومي'!$K$3:$AA$3,0)),0)) -> 12 | J87: =IF('الإدخال اليومي'!$B61="","",IF('الإدخال اليومي'!F61="","",'الإدخال اليومي'!F61)) -> 45316 | K87: =IF($B87="","",N('الإدخال اليومي'!G61)+MAX(0,الإعدادات!$B$2-MAX(الإعدادات!$B$10+1,N(J87))+1)-SUMPRODUCT(('الإدخال اليومي'!$L61:$AA61>0)*('الإدخال اليومي'!$L$3:$AA$3>=MAX(الإعدادات!$B$10+1,N(J87)))*('الإدخال اليومي'!$L$3:$AA$3<=الإعدادات!$B$2))) -> 0 | L87: =IF($B87="","",MAX(0,الإعدادات!$B$10-IF(J87="",الإعدادات!$B$9,MAX(J87,الإعدادات!$B$9))+1-N('الإدخال اليومي'!G61))+SUMPRODUCT(('الإدخال اليومي'!$L61:$AA61>0)*('الإدخال اليومي'!$L$3:$AA$3>=MAX(الإعدادات!$B$10+1,N(J87)))*('الإدخال اليومي'!$L$3:$AA$3<=الإعدادات!$B$2))) -> 17 | M87: =IF($B87="","",IF(C87="امازون","",(IFERROR(INDEX(الإعدادات!$B$19:$B$22,MATCH(C87,الإعدادات!$A$19:$A$22,0)),الإعدادات!$B$3)/الإعدادات!$B$4)*L87)) -> 255 | N87: =IF($B87="","",IF(OR(M87="",M87=0),"",F87/M87)) -> 0.99215686 | O87: =IF($B87="","",IF(OR(C87="امازون",L87=0),"",ROUND(F87/L87*الإعدادات!$B$4,0))) -> 446 | P87: =IF($B87="","",IF('الإدخال اليومي'!AF61="لا يعمل","مستبعد (ترك العمل)",IF('الإدخال اليومي'!AF61="اجازه","مستبعد (اجازة)",IF(C87="امازون","امازون (شحنات)",IF(L87=0,"مستبعد (لم يعمل)",IF(F87>=M87,"حقق",IF(F87>=M87*الإعدادات!$B$8,"قريب","بعيد"))))))) -> قريب | Q87: =IF($B87="","",TRIM('الإدخال اليومي'!H61&IF(N('الإدخال اليومي'!AC61)>0," | + "&'الإدخال اليومي'!AC61&" طلب من "&'الإدخال اليومي'!AB61&" (محسوبة في الإجمالي)",""))) | R87: =IF($B87="",0,SUBTOTAL(103,B87)) -> 1 | S87: =IF($B87="","",IF('الإدخال اليومي'!AF61="","يعمل",'الإدخال اليومي'!AF61)) -> يعمل
A88: =IF('الإدخال اليومي'!$B62="","",IF('الإدخال اليومي'!A62="","",'الإدخال اليومي'!A62)) -> 2569646728 | B88: =IF('الإدخال اليومي'!$B62="","",IF('الإدخال اليومي'!B62="","",'الإدخال اليومي'!B62)) -> Md Rostum ali | C88: =IF('الإدخال اليومي'!$B62="","",IF('الإدخال اليومي'!C62="","",'الإدخال اليومي'!C62)) -> كيتا | D88: =IF($B88="","",58) -> 58 | E88: =IF('الإدخال اليومي'!$B62="","",IF('الإدخال اليومي'!AD62="","",'الإدخال اليومي'!AD62)) -> فري لانسر | F88: =IF($B88="","",'الإدخال اليومي'!I62) -> 239 | G88: =IF($B88="","",IF(N('الإدخال اليومي'!AG62)=0,"",'الإدخال اليومي'!AG62)) | H88: =IF('الإدخال اليومي'!$B62="","",IF('الإدخال اليومي'!AE62="","",'الإدخال اليومي'!AE62)) -> خالد عباس | I88: =IF($B88="","",IFERROR(INDEX('الإدخال اليومي'!K62:AA62,MATCH(الإعدادات!$B$2,'الإدخال اليومي'!$K$3:$AA$3,0)),0)) -> 5 | J88: =IF('الإدخال اليومي'!$B62="","",IF('الإدخال اليومي'!F62="","",'الإدخال اليومي'!F62)) -> 46204 | K88: =IF($B88="","",N('الإدخال اليومي'!G62)+MAX(0,الإعدادات!$B$2-MAX(الإعدادات!$B$10+1,N(J88))+1)-SUMPRODUCT(('الإدخال اليومي'!$L62:$AA62>0)*('الإدخال اليومي'!$L$3:$AA$3>=MAX(الإعدادات!$B$10+1,N(J88)))*('الإدخال اليومي'!$L$3:$AA$3<=الإعدادات!$B$2))) -> 0 | L88: =IF($B88="","",MAX(0,الإعدادات!$B$10-IF(J88="",الإعدادات!$B$9,MAX(J88,الإعدادات!$B$9))+1-N('الإدخال اليومي'!G62))+SUMPRODUCT(('الإدخال اليومي'!$L62:$AA62>0)*('الإدخال اليومي'!$L$3:$AA$3>=MAX(الإعدادات!$B$10+1,N(J88)))*('الإدخال اليومي'!$L$3:$AA$3<=الإعدادات!$B$2))) -> 17 | M88: =IF($B88="","",IF(C88="امازون","",(IFERROR(INDEX(الإعدادات!$B$19:$B$22,MATCH(C88,الإعدادات!$A$19:$A$22,0)),الإعدادات!$B$3)/الإعدادات!$B$4)*L88)) -> 255 | N88: =IF($B88="","",IF(OR(M88="",M88=0),"",F88/M88)) -> 0.9372549 | O88: =IF($B88="","",IF(OR(C88="امازون",L88=0),"",ROUND(F88/L88*الإعدادات!$B$4,0))) -> 422 | P88: =IF($B88="","",IF('الإدخال اليومي'!AF62="لا يعمل","مستبعد (ترك العمل)",IF('الإدخال اليومي'!AF62="اجازه","مستبعد (اجازة)",IF(C88="امازون","امازون (شحنات)",IF(L88=0,"مستبعد (لم يعمل)",IF(F88>=M88,"حقق",IF(F88>=M88*الإعدادات!$B$8,"قريب","بعيد"))))))) -> قريب | Q88: =IF($B88="","",TRIM('الإدخال اليومي'!H62&IF(N('الإدخال اليومي'!AC62)>0," | + "&'الإدخال اليومي'!AC62&" طلب من "&'الإدخال اليومي'!AB62&" (محسوبة في الإجمالي)",""))) -> اجازة في هذا اليوم | R88: =IF($B88="",0,SUBTOTAL(103,B88)) -> 1 | S88: =IF($B88="","",IF('الإدخال اليومي'!AF62="","يعمل",'الإدخال اليومي'!AF62)) -> يعمل
A89: =IF('الإدخال اليومي'!$B63="","",IF('الإدخال اليومي'!A63="","",'الإدخال اليومي'!A63)) -> 2532063233 | B89: =IF('الإدخال اليومي'!$B63="","",IF('الإدخال اليومي'!B63="","",'الإدخال اليومي'!B63)) -> مصطفي محمود صادق | C89: =IF('الإدخال اليومي'!$B63="","",IF('الإدخال اليومي'!C63="","",'الإدخال اليومي'!C63)) -> كيتا | D89: =IF($B89="","",59) -> 59 | E89: =IF('الإدخال اليومي'!$B63="","",IF('الإدخال اليومي'!AD63="","",'الإدخال اليومي'!AD63)) -> فري لانسر | F89: =IF($B89="","",'الإدخال اليومي'!I63) -> 230 | G89: =IF($B89="","",IF(N('الإدخال اليومي'!AG63)=0,"",'الإدخال اليومي'!AG63)) | H89: =IF('الإدخال اليومي'!$B63="","",IF('الإدخال اليومي'!AE63="","",'الإدخال اليومي'!AE63)) -> خالد عباس | I89: =IF($B89="","",IFERROR(INDEX('الإدخال اليومي'!K63:AA63,MATCH(الإعدادات!$B$2,'الإدخال اليومي'!$K$3:$AA$3,0)),0)) -> 11 | J89: =IF('الإدخال اليومي'!$B63="","",IF('الإدخال اليومي'!F63="","",'الإدخال اليومي'!F63)) -> 46255 | K89: =IF($B89="","",N('الإدخال اليومي'!G63)+MAX(0,الإعدادات!$B$2-MAX(الإعدادات!$B$10+1,N(J89))+1)-SUMPRODUCT(('الإدخال اليومي'!$L63:$AA63>0)*('الإدخال اليومي'!$L$3:$AA$3>=MAX(الإعدادات!$B$10+1,N(J89)))*('الإدخال اليومي'!$L$3:$AA$3<=الإعدادات!$B$2))) -> 0 | L89: =IF($B89="","",MAX(0,الإعدادات!$B$10-IF(J89="",الإعدادات!$B$9,MAX(J89,الإعدادات!$B$9))+1-N('الإدخال اليومي'!G63))+SUMPRODUCT(('الإدخال اليومي'!$L63:$AA63>0)*('الإدخال اليومي'!$L$3:$AA$3>=MAX(الإعدادات!$B$10+1,N(J89)))*('الإدخال اليومي'!$L$3:$AA$3<=الإعدادات!$B$2))) -> 17 | M89: =IF($B89="","",IF(C89="امازون","",(IFERROR(INDEX(الإعدادات!$B$19:$B$22,MATCH(C89,الإعدادات!$A$19:$A$22,0)),الإعدادات!$B$3)/الإعدادات!$B$4)*L89)) -> 255 | N89: =IF($B89="","",IF(OR(M89="",M89=0),"",F89/M89)) -> 0.90196078 | O89: =IF($B89="","",IF(OR(C89="امازون",L89=0),"",ROUND(F89/L89*الإعدادات!$B$4,0))) -> 406 | P89: =IF($B89="","",IF('الإدخال اليومي'!AF63="لا يعمل","مستبعد (ترك العمل)",IF('الإدخال اليومي'!AF63="اجازه","مستبعد (اجازة)",IF(C89="امازون","امازون (شحنات)",IF(L89=0,"مستبعد (لم يعمل)",IF(F89>=M89,"حقق",IF(F89>=M89*الإعدادات!$B$8,"قريب","بعيد"))))))) -> قريب | Q89: =IF($B89="","",TRIM('الإدخال اليومي'!H63&IF(N('الإدخال اليومي'!AC63)>0," | + "&'الإدخال اليومي'!AC63&" طلب من "&'الإدخال اليومي'!AB63&" (محسوبة في الإجمالي)",""))) -> اسناد ضعيف | R89: =IF($B89="",0,SUBTOTAL(103,B89)) -> 1 | S89: =IF($B89="","",IF('الإدخال اليومي'!AF63="","يعمل",'الإدخال اليومي'!AF63)) -> يعمل
A90: =IF('الإدخال اليومي'!$B64="","",IF('الإدخال اليومي'!A64="","",'الإدخال اليومي'!A64)) -> 2626922260 | B90: =IF('الإدخال اليومي'!$B64="","",IF('الإدخال اليومي'!B64="","",'الإدخال اليومي'!B64)) -> MOHAMMED KAMAL | C90: =IF('الإدخال اليومي'!$B64="","",IF('الإدخال اليومي'!C64="","",'الإدخال اليومي'!C64)) -> هنجرستيشن | D90: =IF($B90="","",60) -> 60 | E90: =IF('الإدخال اليومي'!$B64="","",IF('الإدخال اليومي'!AD64="","",'الإدخال اليومي'!AD64)) -> كفالة | F90: =IF($B90="","",'الإدخال اليومي'!I64) -> 211 | G90: =IF($B90="","",IF(N('الإدخال اليومي'!AG64)=0,"",'الإدخال اليومي'!AG64)) | H90: =IF('الإدخال اليومي'!$B64="","",IF('الإدخال اليومي'!AE64="","",'الإدخال اليومي'!AE64)) -> محمود خطاب | I90: =IF($B90="","",IFERROR(INDEX('الإدخال اليومي'!K64:AA64,MATCH(الإعدادات!$B$2,'الإدخال اليومي'!$K$3:$AA$3,0)),0)) -> 0 | J90: =IF('الإدخال اليومي'!$B64="","",IF('الإدخال اليومي'!F64="","",'الإدخال اليومي'!F64)) -> 46139 | K90: =IF($B90="","",N('الإدخال اليومي'!G64)+MAX(0,الإعدادات!$B$2-MAX(الإعدادات!$B$10+1,N(J90))+1)-SUMPRODUCT(('الإدخال اليومي'!$L64:$AA64>0)*('الإدخال اليومي'!$L$3:$AA$3>=MAX(الإعدادات!$B$10+1,N(J90)))*('الإدخال اليومي'!$L$3:$AA$3<=الإعدادات!$B$2))) -> 1 | L90: =IF($B90="","",MAX(0,الإعدادات!$B$10-IF(J90="",الإعدادات!$B$9,MAX(J90,الإعدادات!$B$9))+1-N('الإدخال اليومي'!G64))+SUMPRODUCT(('الإدخال اليومي'!$L64:$AA64>0)*('الإدخال اليومي'!$L$3:$AA$3>=MAX(الإعدادات!$B$10+1,N(J90)))*('الإدخال اليومي'!$L$3:$AA$3<=الإعدادات!$B$2))) -> 16 | M90: =IF($B90="","",IF(C90="امازون","",(IFERROR(INDEX(الإعدادات!$B$19:$B$22,MATCH(C90,الإعدادات!$A$19:$A$22,0)),الإعدادات!$B$3)/الإعدادات!$B$4)*L90)) -> 240 | N90: =IF($B90="","",IF(OR(M90="",M90=0),"",F90/M90)) -> 0.87916667 | O90: =IF($B90="","",IF(OR(C90="امازون",L90=0),"",ROUND(F90/L90*الإعدادات!$B$4,0))) -> 396 | P90: =IF($B90="","",IF('الإدخال اليومي'!AF64="لا يعمل","مستبعد (ترك العمل)",IF('الإدخال اليومي'!AF64="اجازه","مستبعد (اجازة)",IF(C90="امازون","امازون (شحنات)",IF(L90=0,"مستبعد (لم يعمل)",IF(F90>=M90,"حقق",IF(F90>=M90*الإعدادات!$B$8,"قريب","بعيد"))))))) -> قريب | Q90: =IF($B90="","",TRIM('الإدخال اليومي'!H64&IF(N('الإدخال اليومي'!AC64)>0," | + "&'الإدخال اليومي'!AC64&" طلب من "&'الإدخال اليومي'!AB64&" (محسوبة في الإجمالي)",""))) -> تم نقل هنقرستيشن | R90: =IF($B90="",0,SUBTOTAL(103,B90)) -> 1 | S90: =IF($B90="","",IF('الإدخال اليومي'!AF64="","يعمل",'الإدخال اليومي'!AF64)) -> يعمل
A91: =IF('الإدخال اليومي'!$B65="","",IF('الإدخال اليومي'!A65="","",'الإدخال اليومي'!A65)) -> 2616523037 | B91: =IF('الإدخال اليومي'!$B65="","",IF('الإدخال اليومي'!B65="","",'الإدخال اليومي'!B65)) -> MD RONY HOSEN | C91: =IF('الإدخال اليومي'!$B65="","",IF('الإدخال اليومي'!C65="","",'الإدخال اليومي'!C65)) -> كيتا | D91: =IF($B91="","",61) -> 61 | E91: =IF('الإدخال اليومي'!$B65="","",IF('الإدخال اليومي'!AD65="","",'الإدخال اليومي'!AD65)) -> كفالة | F91: =IF($B91="","",'الإدخال اليومي'!I65) -> 223 | G91: =IF($B91="","",IF(N('الإدخال اليومي'!AG65)=0,"",'الإدخال اليومي'!AG65)) | H91: =IF('الإدخال اليومي'!$B65="","",IF('الإدخال اليومي'!AE65="","",'الإدخال اليومي'!AE65)) -> محمود خطاب | I91: =IF($B91="","",IFERROR(INDEX('الإدخال اليومي'!K65:AA65,MATCH(الإعدادات!$B$2,'الإدخال اليومي'!$K$3:$AA$3,0)),0)) -> 15 | J91: =IF('الإدخال اليومي'!$B65="","",IF('الإدخال اليومي'!F65="","",'الإدخال اليومي'!F65)) -> 46139 | K91: =IF($B91="","",N('الإدخال اليومي'!G65)+MAX(0,الإعدادات!$B$2-MAX(الإعدادات!$B$10+1,N(J91))+1)-SUMPRODUCT(('الإدخال اليومي'!$L65:$AA65>0)*('الإدخال اليومي'!$L$3:$AA$3>=MAX(الإعدادات!$B$10+1,N(J91)))*('الإدخال اليومي'!$L$3:$AA$3<=الإعدادات!$B$2))) -> 0 | L91: =IF($B91="","",MAX(0,الإعدادات!$B$10-IF(J91="",الإعدادات!$B$9,MAX(J91,الإعدادات!$B$9))+1-N('الإدخال اليومي'!G65))+SUMPRODUCT(('الإدخال اليومي'!$L65:$AA65>0)*('الإدخال اليومي'!$L$3:$AA$3>=MAX(الإعدادات!$B$10+1,N(J91)))*('الإدخال اليومي'!$L$3:$AA$3<=الإعدادات!$B$2))) -> 17 | M91: =IF($B91="","",IF(C91="امازون","",(IFERROR(INDEX(الإعدادات!$B$19:$B$22,MATCH(C91,الإعدادات!$A$19:$A$22,0)),الإعدادات!$B$3)/الإعدادات!$B$4)*L91)) -> 255 | N91: =IF($B91="","",IF(OR(M91="",M91=0),"",F91/M91)) -> 0.8745098 | O91: =IF($B91="","",IF(OR(C91="امازون",L91=0),"",ROUND(F91/L91*الإعدادات!$B$4,0))) -> 394 | P91: =IF($B91="","",IF('الإدخال اليومي'!AF65="لا يعمل","مستبعد (ترك العمل)",IF('الإدخال اليومي'!AF65="اجازه","مستبعد (اجازة)",IF(C91="امازون","امازون (شحنات)",IF(L91=0,"مستبعد (لم يعمل)",IF(F91>=M91,"حقق",IF(F91>=M91*الإعدادات!$B$8,"قريب","بعيد"))))))) -> قريب | Q91: =IF($B91="","",TRIM('الإدخال اليومي'!H65&IF(N('الإدخال اليومي'!AC65)>0," | + "&'الإدخال اليومي'!AC65&" طلب من "&'الإدخال اليومي'!AB65&" (محسوبة في الإجمالي)",""))) -> أسناد ضعيف | R91: =IF($B91="",0,SUBTOTAL(103,B91)) -> 1 | S91: =IF($B91="","",IF('الإدخال اليومي'!AF65="","يعمل",'الإدخال اليومي'!AF65)) -> يعمل
A92: =IF('الإدخال اليومي'!$B66="","",IF('الإدخال اليومي'!A66="","",'الإدخال اليومي'!A66)) -> 2589695374 | B92: =IF('الإدخال اليومي'!$B66="","",IF('الإدخال اليومي'!B66="","",'الإدخال اليومي'!B66)) -> عبدالظاهر سيد | C92: =IF('الإدخال اليومي'!$B66="","",IF('الإدخال اليومي'!C66="","",'الإدخال اليومي'!C66)) -> كيتا | D92: =IF($B92="","",62) -> 62 | E92: =IF('الإدخال اليومي'!$B66="","",IF('الإدخال اليومي'!AD66="","",'الإدخال اليومي'!AD66)) -> فري لانسر | F92: =IF($B92="","",'الإدخال اليومي'!I66) -> 221 | G92: =IF($B92="","",IF(N('الإدخال اليومي'!AG66)=0,"",'الإدخال اليومي'!AG66)) | H92: =IF('الإدخال اليومي'!$B66="","",IF('الإدخال اليومي'!AE66="","",'الإدخال اليومي'!AE66)) -> خالد عباس | I92: =IF($B92="","",IFERROR(INDEX('الإدخال اليومي'!K66:AA66,MATCH(الإعدادات!$B$2,'الإدخال اليومي'!$K$3:$AA$3,0)),0)) -> 13 | J92: =IF('الإدخال اليومي'!$B66="","",IF('الإدخال اليومي'!F66="","",'الإدخال اليومي'!F66)) -> 46204 | K92: =IF($B92="","",N('الإدخال اليومي'!G66)+MAX(0,الإعدادات!$B$2-MAX(الإعدادات!$B$10+1,N(J92))+1)-SUMPRODUCT(('الإدخال اليومي'!$L66:$AA66>0)*('الإدخال اليومي'!$L$3:$AA$3>=MAX(الإعدادات!$B$10+1,N(J92)))*('الإدخال اليومي'!$L$3:$AA$3<=الإعدادات!$B$2))) -> 0 | L92: =IF($B92="","",MAX(0,الإعدادات!$B$10-IF(J92="",الإعدادات!$B$9,MAX(J92,الإعدادات!$B$9))+1-N('الإدخال اليومي'!G66))+SUMPRODUCT(('الإدخال اليومي'!$L66:$AA66>0)*('الإدخال اليومي'!$L$3:$AA$3>=MAX(الإعدادات!$B$10+1,N(J92)))*('الإدخال اليومي'!$L$3:$AA$3<=الإعدادات!$B$2))) -> 17 | M92: =IF($B92="","",IF(C92="امازون","",(IFERROR(INDEX(الإعدادات!$B$19:$B$22,MATCH(C92,الإعدادات!$A$19:$A$22,0)),الإعدادات!$B$3)/الإعدادات!$B$4)*L92)) -> 255 | N92: =IF($B92="","",IF(OR(M92="",M92=0),"",F92/M92)) -> 0.86666667 | O92: =IF($B92="","",IF(OR(C92="امازون",L92=0),"",ROUND(F92/L92*الإعدادات!$B$4,0))) -> 390 | P92: =IF($B92="","",IF('الإدخال اليومي'!AF66="لا يعمل","مستبعد (ترك العمل)",IF('الإدخال اليومي'!AF66="اجازه","مستبعد (اجازة)",IF(C92="امازون","امازون (شحنات)",IF(L92=0,"مستبعد (لم يعمل)",IF(F92>=M92,"حقق",IF(F92>=M92*الإعدادات!$B$8,"قريب","بعيد"))))))) -> قريب | Q92: =IF($B92="","",TRIM('الإدخال اليومي'!H66&IF(N('الإدخال اليومي'!AC66)>0," | + "&'الإدخال اليومي'!AC66&" طلب من "&'الإدخال اليومي'!AB66&" (محسوبة في الإجمالي)",""))) -> تم انذار المندوب | R92: =IF($B92="",0,SUBTOTAL(103,B92)) -> 1 | S92: =IF($B92="","",IF('الإدخال اليومي'!AF66="","يعمل",'الإدخال اليومي'!AF66)) -> يعمل
A93: =IF('الإدخال اليومي'!$B67="","",IF('الإدخال اليومي'!A67="","",'الإدخال اليومي'!A67)) -> 2581785736 | B93: =IF('الإدخال اليومي'!$B67="","",IF('الإدخال اليومي'!B67="","",'الإدخال اليومي'!B67)) -> ريدوي مياه | C93: =IF('الإدخال اليومي'!$B67="","",IF('الإدخال اليومي'!C67="","",'الإدخال اليومي'!C67)) -> كيتا | D93: =IF($B93="","",63) -> 63 | E93: =IF('الإدخال اليومي'!$B67="","",IF('الإدخال اليومي'!AD67="","",'الإدخال اليومي'!AD67)) -> فري لانسر | F93: =IF($B93="","",'الإدخال اليومي'!I67) -> 216 | G93: =IF($B93="","",IF(N('الإدخال اليومي'!AG67)=0,"",'الإدخال اليومي'!AG67)) | H93: =IF('الإدخال اليومي'!$B67="","",IF('الإدخال اليومي'!AE67="","",'الإدخال اليومي'!AE67)) -> خالد عباس | I93: =IF($B93="","",IFERROR(INDEX('الإدخال اليومي'!K67:AA67,MATCH(الإعدادات!$B$2,'الإدخال اليومي'!$K$3:$AA$3,0)),0)) -> 20 | J93: =IF('الإدخال اليومي'!$B67="","",IF('الإدخال اليومي'!F67="","",'الإدخال اليومي'!F67)) -> 46204 | K93: =IF($B93="","",N('الإدخال اليومي'!G67)+MAX(0,الإعدادات!$B$2-MAX(الإعدادات!$B$10+1,N(J93))+1)-SUMPRODUCT(('الإدخال اليومي'!$L67:$AA67>0)*('الإدخال اليومي'!$L$3:$AA$3>=MAX(الإعدادات!$B$10+1,N(J93)))*('الإدخال اليومي'!$L$3:$AA$3<=الإعدادات!$B$2))) -> 0 | L93: =IF($B93="","",MAX(0,الإعدادات!$B$10-IF(J93="",الإعدادات!$B$9,MAX(J93,الإعدادات!$B$9))+1-N('الإدخال اليومي'!G67))+SUMPRODUCT(('الإدخال اليومي'!$L67:$AA67>0)*('الإدخال اليومي'!$L$3:$AA$3>=MAX(الإعدادات!$B$10+1,N(J93)))*('الإدخال اليومي'!$L$3:$AA$3<=الإعدادات!$B$2))) -> 17 | M93: =IF($B93="","",IF(C93="امازون","",(IFERROR(INDEX(الإعدادات!$B$19:$B$22,MATCH(C93,الإعدادات!$A$19:$A$22,0)),الإعدادات!$B$3)/الإعدادات!$B$4)*L93)) -> 255 | N93: =IF($B93="","",IF(OR(M93="",M93=0),"",F93/M93)) -> 0.84705882 | O93: =IF($B93="","",IF(OR(C93="امازون",L93=0),"",ROUND(F93/L93*الإعدادات!$B$4,0))) -> 381 | P93: =IF($B93="","",IF('الإدخال اليومي'!AF67="لا يعمل","مستبعد (ترك العمل)",IF('الإدخال اليومي'!AF67="اجازه","مستبعد (اجازة)",IF(C93="امازون","امازون (شحنات)",IF(L93=0,"مستبعد (لم يعمل)",IF(F93>=M93,"حقق",IF(F93>=M93*الإعدادات!$B$8,"قريب","بعيد"))))))) -> قريب | Q93: =IF($B93="","",TRIM('الإدخال اليومي'!H67&IF(N('الإدخال اليومي'!AC67)>0," | + "&'الإدخال اليومي'!AC67&" طلب من "&'الإدخال اليومي'!AB67&" (محسوبة في الإجمالي)",""))) | R93: =IF($B93="",0,SUBTOTAL(103,B93)) -> 1 | S93: =IF($B93="","",IF('الإدخال اليومي'!AF67="","يعمل",'الإدخال اليومي'!AF67)) -> يعمل
A94: =IF('الإدخال اليومي'!$B68="","",IF('الإدخال اليومي'!A68="","",'الإدخال اليومي'!A68)) -> 2562021978 | B94: =IF('الإدخال اليومي'!$B68="","",IF('الإدخال اليومي'!B68="","",'الإدخال اليومي'!B68)) -> MD SHEMUL HOSSAIN | C94: =IF('الإدخال اليومي'!$B68="","",IF('الإدخال اليومي'!C68="","",'الإدخال اليومي'!C68)) -> كيتا | D94: =IF($B94="","",64) -> 64 | E94: =IF('الإدخال اليومي'!$B68="","",IF('الإدخال اليومي'!AD68="","",'الإدخال اليومي'!AD68)) -> فري لانسر | F94: =IF($B94="","",'الإدخال اليومي'!I68) -> 184 | G94: =IF($B94="","",IF(N('الإدخال اليومي'!AG68)=0,"",'الإدخال اليومي'!AG68)) | H94: =IF('الإدخال اليومي'!$B68="","",IF('الإدخال اليومي'!AE68="","",'الإدخال اليومي'!AE68)) -> خالد عباس | I94: =IF($B94="","",IFERROR(INDEX('الإدخال اليومي'!K68:AA68,MATCH(الإعدادات!$B$2,'الإدخال اليومي'!$K$3:$AA$3,0)),0)) -> 12 | J94: =IF('الإدخال اليومي'!$B68="","",IF('الإدخال اليومي'!F68="","",'الإدخال اليومي'!F68)) -> 46204 | K94: =IF($B94="","",N('الإدخال اليومي'!G68)+MAX(0,الإعدادات!$B$2-MAX(الإعدادات!$B$10+1,N(J94))+1)-SUMPRODUCT(('الإدخال اليومي'!$L68:$AA68>0)*('الإدخال اليومي'!$L$3:$AA$3>=MAX(الإعدادات!$B$10+1,N(J94)))*('الإدخال اليومي'!$L$3:$AA$3<=الإعدادات!$B$2))) -> 0 | L94: =IF($B94="","",MAX(0,الإعدادات!$B$10-IF(J94="",الإعدادات!$B$9,MAX(J94,الإعدادات!$B$9))+1-N('الإدخال اليومي'!G68))+SUMPRODUCT(('الإدخال اليومي'!$L68:$AA68>0)*('الإدخال اليومي'!$L$3:$AA$3>=MAX(الإعدادات!$B$10+1,N(J94)))*('الإدخال اليومي'!$L$3:$AA$3<=الإعدادات!$B$2))) -> 17 | M94: =IF($B94="","",IF(C94="امازون","",(IFERROR(INDEX(الإعدادات!$B$19:$B$22,MATCH(C94,الإعدادات!$A$19:$A$22,0)),الإعدادات!$B$3)/الإعدادات!$B$4)*L94)) -> 255 | N94: =IF($B94="","",IF(OR(M94="",M94=0),"",F94/M94)) -> 0.72156863 | O94: =IF($B94="","",IF(OR(C94="امازون",L94=0),"",ROUND(F94/L94*الإعدادات!$B$4,0))) -> 325 | P94: =IF($B94="","",IF('الإدخال اليومي'!AF68="لا يعمل","مستبعد (ترك العمل)",IF('الإدخال اليومي'!AF68="اجازه","مستبعد (اجازة)",IF(C94="امازون","امازون (شحنات)",IF(L94=0,"مستبعد (لم يعمل)",IF(F94>=M94,"حقق",IF(F94>=M94*الإعدادات!$B$8,"قريب","بعيد"))))))) -> بعيد | Q94: =IF($B94="","",TRIM('الإدخال اليومي'!H68&IF(N('الإدخال اليومي'!AC68)>0," | + "&'الإدخال اليومي'!AC68&" طلب من "&'الإدخال اليومي'!AB68&" (محسوبة في الإجمالي)",""))) -> مريض ولم يستطع استكمال العمل | R94: =IF($B94="",0,SUBTOTAL(103,B94)) -> 1 | S94: =IF($B94="","",IF('الإدخال اليومي'!AF68="","يعمل",'الإدخال اليومي'!AF68)) -> يعمل
A95: =IF('الإدخال اليومي'!$B69="","",IF('الإدخال اليومي'!A69="","",'الإدخال اليومي'!A69)) -> 2565248214 | B95: =IF('الإدخال اليومي'!$B69="","",IF('الإدخال اليومي'!B69="","",'الإدخال اليومي'!B69)) -> اسلام حلمي | C95: =IF('الإدخال اليومي'!$B69="","",IF('الإدخال اليومي'!C69="","",'الإدخال اليومي'!C69)) -> كيتا | D95: =IF($B95="","",65) -> 65 | E95: =IF('الإدخال اليومي'!$B69="","",IF('الإدخال اليومي'!AD69="","",'الإدخال اليومي'!AD69)) -> فري لانسر | F95: =IF($B95="","",'الإدخال اليومي'!I69) -> 164 | G95: =IF($B95="","",IF(N('الإدخال اليومي'!AG69)=0,"",'الإدخال اليومي'!AG69)) | H95: =IF('الإدخال اليومي'!$B69="","",IF('الإدخال اليومي'!AE69="","",'الإدخال اليومي'!AE69)) -> خالد عباس | I95: =IF($B95="","",IFERROR(INDEX('الإدخال اليومي'!K69:AA69,MATCH(الإعدادات!$B$2,'الإدخال اليومي'!$K$3:$AA$3,0)),0)) -> 14 | J95: =IF('الإدخال اليومي'!$B69="","",IF('الإدخال اليومي'!F69="","",'الإدخال اليومي'!F69)) -> 46300 | K95: =IF($B95="","",N('الإدخال اليومي'!G69)+MAX(0,الإعدادات!$B$2-MAX(الإعدادات!$B$10+1,N(J95))+1)-SUMPRODUCT(('الإدخال اليومي'!$L69:$AA69>0)*('الإدخال اليومي'!$L$3:$AA$3>=MAX(الإعدادات!$B$10+1,N(J95)))*('الإدخال اليومي'!$L$3:$AA$3<=الإعدادات!$B$2))) -> 0 | L95: =IF($B95="","",MAX(0,الإعدادات!$B$10-IF(J95="",الإعدادات!$B$9,MAX(J95,الإعدادات!$B$9))+1-N('الإدخال اليومي'!G69))+SUMPRODUCT(('الإدخال اليومي'!$L69:$AA69>0)*('الإدخال اليومي'!$L$3:$AA$3>=MAX(الإعدادات!$B$10+1,N(J95)))*('الإدخال اليومي'!$L$3:$AA$3<=الإعدادات!$B$2))) -> 13 | M95: =IF($B95="","",IF(C95="امازون","",(IFERROR(INDEX(الإعدادات!$B$19:$B$22,MATCH(C95,الإعدادات!$A$19:$A$22,0)),الإعدادات!$B$3)/الإعدادات!$B$4)*L95)) -> 195 | N95: =IF($B95="","",IF(OR(M95="",M95=0),"",F95/M95)) -> 0.84102564 | O95: =IF($B95="","",IF(OR(C95="امازون",L95=0),"",ROUND(F95/L95*الإعدادات!$B$4,0))) -> 378 | P95: =IF($B95="","",IF('الإدخال اليومي'!AF69="لا يعمل","مستبعد (ترك العمل)",IF('الإدخال اليومي'!AF69="اجازه","مستبعد (اجازة)",IF(C95="امازون","امازون (شحنات)",IF(L95=0,"مستبعد (لم يعمل)",IF(F95>=M95,"حقق",IF(F95>=M95*الإعدادات!$B$8,"قريب","بعيد"))))))) -> قريب | Q95: =IF($B95="","",TRIM('الإدخال اليومي'!H69&IF(N('الإدخال اليومي'!AC69)>0," | + "&'الإدخال اليومي'!AC69&" طلب من "&'الإدخال اليومي'!AB69&" (محسوبة في الإجمالي)",""))) -> اسناد ضعيف | R95: =IF($B95="",0,SUBTOTAL(103,B95)) -> 1 | S95: =IF($B95="","",IF('الإدخال اليومي'!AF69="","يعمل",'الإدخال اليومي'!AF69)) -> يعمل
A96: =IF('الإدخال اليومي'!$B70="","",IF('الإدخال اليومي'!A70="","",'الإدخال اليومي'!A70)) -> 2608015794 | B96: =IF('الإدخال اليومي'!$B70="","",IF('الإدخال اليومي'!B70="","",'الإدخال اليومي'!B70)) -> اشرف عبدالمجيد | C96: =IF('الإدخال اليومي'!$B70="","",IF('الإدخال اليومي'!C70="","",'الإدخال اليومي'!C70)) -> كيتا | D96: =IF($B96="","",66) -> 66 | E96: =IF('الإدخال اليومي'!$B70="","",IF('الإدخال اليومي'!AD70="","",'الإدخال اليومي'!AD70)) -> فري لانسر | F96: =IF($B96="","",'الإدخال اليومي'!I70) -> 152 | G96: =IF($B96="","",IF(N('الإدخال اليومي'!AG70)=0,"",'الإدخال اليومي'!AG70)) | H96: =IF('الإدخال اليومي'!$B70="","",IF('الإدخال اليومي'!AE70="","",'الإدخال اليومي'!AE70)) -> خالد عباس | I96: =IF($B96="","",IFERROR(INDEX('الإدخال اليومي'!K70:AA70,MATCH(الإعدادات!$B$2,'الإدخال اليومي'!$K$3:$AA$3,0)),0)) -> 9 | J96: =IF('الإدخال اليومي'!$B70="","",IF('الإدخال اليومي'!F70="","",'الإدخال اليومي'!F70)) -> 46259 | K96: =IF($B96="","",N('الإدخال اليومي'!G70)+MAX(0,الإعدادات!$B$2-MAX(الإعدادات!$B$10+1,N(J96))+1)-SUMPRODUCT(('الإدخال اليومي'!$L70:$AA70>0)*('الإدخال اليومي'!$L$3:$AA$3>=MAX(الإعدادات!$B$10+1,N(J96)))*('الإدخال اليومي'!$L$3:$AA$3<=الإعدادات!$B$2))) -> 0 | L96: =IF($B96="","",MAX(0,الإعدادات!$B$10-IF(J96="",الإعدادات!$B$9,MAX(J96,الإعدادات!$B$9))+1-N('الإدخال اليومي'!G70))+SUMPRODUCT(('الإدخال اليومي'!$L70:$AA70>0)*('الإدخال اليومي'!$L$3:$AA$3>=MAX(الإعدادات!$B$10+1,N(J96)))*('الإدخال اليومي'!$L$3:$AA$3<=الإعدادات!$B$2))) -> 17 | M96: =IF($B96="","",IF(C96="امازون","",(IFERROR(INDEX(الإعدادات!$B$19:$B$22,MATCH(C96,الإعدادات!$A$19:$A$22,0)),الإعدادات!$B$3)/الإعدادات!$B$4)*L96)) -> 255 | N96: =IF($B96="","",IF(OR(M96="",M96=0),"",F96/M96)) -> 0.59607843 | O96: =IF($B96="","",IF(OR(C96="امازون",L96=0),"",ROUND(F96/L96*الإعدادات!$B$4,0))) -> 268 | P96: =IF($B96="","",IF('الإدخال اليومي'!AF70="لا يعمل","مستبعد (ترك العمل)",IF('الإدخال اليومي'!AF70="اجازه","مستبعد (اجازة)",IF(C96="امازون","امازون (شحنات)",IF(L96=0,"مستبعد (لم يعمل)",IF(F96>=M96,"حقق",IF(F96>=M96*الإعدادات!$B$8,"قريب","بعيد"))))))) -> بعيد | Q96: =IF($B96="","",TRIM('الإدخال اليومي'!H70&IF(N('الإدخال اليومي'!AC70)>0," | + "&'الإدخال اليومي'!AC70&" طلب من "&'الإدخال اليومي'!AB70&" (محسوبة في الإجمالي)",""))) -> حادث ولم يستطع استكمال | R96: =IF($B96="",0,SUBTOTAL(103,B96)) -> 1 | S96: =IF($B96="","",IF('الإدخال اليومي'!AF70="","يعمل",'الإدخال اليومي'!AF70)) -> يعمل
A97: =IF('الإدخال اليومي'!$B71="","",IF('الإدخال اليومي'!A71="","",'الإدخال اليومي'!A71)) -> 2583732645 | B97: =IF('الإدخال اليومي'!$B71="","",IF('الإدخال اليومي'!B71="","",'الإدخال اليومي'!B71)) -> فارس وائل | C97: =IF('الإدخال اليومي'!$B71="","",IF('الإدخال اليومي'!C71="","",'الإدخال اليومي'!C71)) -> كيتا | D97: =IF($B97="","",67) -> 67 | E97: =IF('الإدخال اليومي'!$B71="","",IF('الإدخال اليومي'!AD71="","",'الإدخال اليومي'!AD71)) -> فري لانسر | F97: =IF($B97="","",'الإدخال اليومي'!I71) -> 114 | G97: =IF($B97="","",IF(N('الإدخال اليومي'!AG71)=0,"",'الإدخال اليومي'!AG71)) | H97: =IF('الإدخال اليومي'!$B71="","",IF('الإدخال اليومي'!AE71="","",'الإدخال اليومي'!AE71)) -> خالد عباس | I97: =IF($B97="","",IFERROR(INDEX('الإدخال اليومي'!K71:AA71,MATCH(الإعدادات!$B$2,'الإدخال اليومي'!$K$3:$AA$3,0)),0)) -> 16 | J97: =IF('الإدخال اليومي'!$B71="","",IF('الإدخال اليومي'!F71="","",'الإدخال اليومي'!F71)) -> 46301 | K97: =IF($B97="","",N('الإدخال اليومي'!G71)+MAX(0,الإعدادات!$B$2-MAX(الإعدادات!$B$10+1,N(J97))+1)-SUMPRODUCT(('الإدخال اليومي'!$L71:$AA71>0)*('الإدخال اليومي'!$L$3:$AA$3>=MAX(الإعدادات!$B$10+1,N(J97)))*('الإدخال اليومي'!$L$3:$AA$3<=الإعدادات!$B$2))) -> 0 | L97: =IF($B97="","",MAX(0,الإعدادات!$B$10-IF(J97="",الإعدادات!$B$9,MAX(J97,الإعدادات!$B$9))+1-N('الإدخال اليومي'!G71))+SUMPRODUCT(('الإدخال اليومي'!$L71:$AA71>0)*('الإدخال اليومي'!$L$3:$AA$3>=MAX(الإعدادات!$B$10+1,N(J97)))*('الإدخال اليومي'!$L$3:$AA$3<=الإعدادات!$B$2))) -> 12 | M97: =IF($B97="","",IF(C97="امازون","",(IFERROR(INDEX(الإعدادات!$B$19:$B$22,MATCH(C97,الإعدادات!$A$19:$A$22,0)),الإعدادات!$B$3)/الإعدادات!$B$4)*L97)) -> 180 | N97: =IF($B97="","",IF(OR(M97="",M97=0),"",F97/M97)) -> 0.63333333 | O97: =IF($B97="","",IF(OR(C97="امازون",L97=0),"",ROUND(F97/L97*الإعدادات!$B$4,0))) -> 285 | P97: =IF($B97="","",IF('الإدخال اليومي'!AF71="لا يعمل","مستبعد (ترك العمل)",IF('الإدخال اليومي'!AF71="اجازه","مستبعد (اجازة)",IF(C97="امازون","امازون (شحنات)",IF(L97=0,"مستبعد (لم يعمل)",IF(F97>=M97,"حقق",IF(F97>=M97*الإعدادات!$B$8,"قريب","بعيد"))))))) -> بعيد | Q97: =IF($B97="","",TRIM('الإدخال اليومي'!H71&IF(N('الإدخال اليومي'!AC71)>0," | + "&'الإدخال اليومي'!AC71&" طلب من "&'الإدخال اليومي'!AB71&" (محسوبة في الإجمالي)",""))) -> أسناد ضعيف | R97: =IF($B97="",0,SUBTOTAL(103,B97)) -> 1 | S97: =IF($B97="","",IF('الإدخال اليومي'!AF71="","يعمل",'الإدخال اليومي'!AF71)) -> يعمل
A98: =IF('الإدخال اليومي'!$B72="","",IF('الإدخال اليومي'!A72="","",'الإدخال اليومي'!A72)) -> 2626575647 | B98: =IF('الإدخال اليومي'!$B72="","",IF('الإدخال اليومي'!B72="","",'الإدخال اليومي'!B72)) -> جمال حسين | C98: =IF('الإدخال اليومي'!$B72="","",IF('الإدخال اليومي'!C72="","",'الإدخال اليومي'!C72)) -> كيتا | D98: =IF($B98="","",68) -> 68 | E98: =IF('الإدخال اليومي'!$B72="","",IF('الإدخال اليومي'!AD72="","",'الإدخال اليومي'!AD72)) -> فري لانسر | F98: =IF($B98="","",'الإدخال اليومي'!I72) -> 83 | G98: =IF($B98="","",IF(N('الإدخال اليومي'!AG72)=0,"",'الإدخال اليومي'!AG72)) | H98: =IF('الإدخال اليومي'!$B72="","",IF('الإدخال اليومي'!AE72="","",'الإدخال اليومي'!AE72)) -> خالد عباس | I98: =IF($B98="","",IFERROR(INDEX('الإدخال اليومي'!K72:AA72,MATCH(الإعدادات!$B$2,'الإدخال اليومي'!$K$3:$AA$3,0)),0)) -> 0 | J98: =IF('الإدخال اليومي'!$B72="","",IF('الإدخال اليومي'!F72="","",'الإدخال اليومي'!F72)) -> 46305 | K98: =IF($B98="","",N('الإدخال اليومي'!G72)+MAX(0,الإعدادات!$B$2-MAX(الإعدادات!$B$10+1,N(J98))+1)-SUMPRODUCT(('الإدخال اليومي'!$L72:$AA72>0)*('الإدخال اليومي'!$L$3:$AA$3>=MAX(الإعدادات!$B$10+1,N(J98)))*('الإدخال اليومي'!$L$3:$AA$3<=الإعدادات!$B$2))) -> 1 | L98: =IF($B98="","",MAX(0,الإعدادات!$B$10-IF(J98="",الإعدادات!$B$9,MAX(J98,الإعدادات!$B$9))+1-N('الإدخال اليومي'!G72))+SUMPRODUCT(('الإدخال اليومي'!$L72:$AA72>0)*('الإدخال اليومي'!$L$3:$AA$3>=MAX(الإعدادات!$B$10+1,N(J98)))*('الإدخال اليومي'!$L$3:$AA$3<=الإعدادات!$B$2))) -> 7 | M98: =IF($B98="","",IF(C98="امازون","",(IFERROR(INDEX(الإعدادات!$B$19:$B$22,MATCH(C98,الإعدادات!$A$19:$A$22,0)),الإعدادات!$B$3)/الإعدادات!$B$4)*L98)) -> 105 | N98: =IF($B98="","",IF(OR(M98="",M98=0),"",F98/M98)) -> 0.79047619 | O98: =IF($B98="","",IF(OR(C98="امازون",L98=0),"",ROUND(F98/L98*الإعدادات!$B$4,0))) -> 356 | P98: =IF($B98="","",IF('الإدخال اليومي'!AF72="لا يعمل","مستبعد (ترك العمل)",IF('الإدخال اليومي'!AF72="اجازه","مستبعد (اجازة)",IF(C98="امازون","امازون (شحنات)",IF(L98=0,"مستبعد (لم يعمل)",IF(F98>=M98,"حقق",IF(F98>=M98*الإعدادات!$B$8,"قريب","بعيد"))))))) -> بعيد | Q98: =IF($B98="","",TRIM('الإدخال اليومي'!H72&IF(N('الإدخال اليومي'!AC72)>0," | + "&'الإدخال اليومي'!AC72&" طلب من "&'الإدخال اليومي'!AB72&" (محسوبة في الإجمالي)",""))) | R98: =IF($B98="",0,SUBTOTAL(103,B98)) -> 1 | S98: =IF($B98="","",IF('الإدخال اليومي'!AF72="","يعمل",'الإدخال اليومي'!AF72)) -> يعمل
A99: =IF('الإدخال اليومي'!$B73="","",IF('الإدخال اليومي'!A73="","",'الإدخال اليومي'!A73)) -> 2592846832 | B99: =IF('الإدخال اليومي'!$B73="","",IF('الإدخال اليومي'!B73="","",'الإدخال اليومي'!B73)) -> محمد عويس محمد | C99: =IF('الإدخال اليومي'!$B73="","",IF('الإدخال اليومي'!C73="","",'الإدخال اليومي'!C73)) -> كيتا | D99: =IF($B99="","",69) -> 69 | E99: =IF('الإدخال اليومي'!$B73="","",IF('الإدخال اليومي'!AD73="","",'الإدخال اليومي'!AD73)) -> فري لانسر | F99: =IF($B99="","",'الإدخال اليومي'!I73) -> 97 | G99: =IF($B99="","",IF(N('الإدخال اليومي'!AG73)=0,"",'الإدخال اليومي'!AG73)) | H99: =IF('الإدخال اليومي'!$B73="","",IF('الإدخال اليومي'!AE73="","",'الإدخال اليومي'!AE73)) -> خالد عباس | I99: =IF($B99="","",IFERROR(INDEX('الإدخال اليومي'!K73:AA73,MATCH(الإعدادات!$B$2,'الإدخال اليومي'!$K$3:$AA$3,0)),0)) -> 17 | J99: =IF('الإدخال اليومي'!$B73="","",IF('الإدخال اليومي'!F73="","",'الإدخال اليومي'!F73)) -> 46301 | K99: =IF($B99="","",N('الإدخال اليومي'!G73)+MAX(0,الإعدادات!$B$2-MAX(الإعدادات!$B$10+1,N(J99))+1)-SUMPRODUCT(('الإدخال اليومي'!$L73:$AA73>0)*('الإدخال اليومي'!$L$3:$AA$3>=MAX(الإعدادات!$B$10+1,N(J99)))*('الإدخال اليومي'!$L$3:$AA$3<=الإعدادات!$B$2))) -> 0 | L99: =IF($B99="","",MAX(0,الإعدادات!$B$10-IF(J99="",الإعدادات!$B$9,MAX(J99,الإعدادات!$B$9))+1-N('الإدخال اليومي'!G73))+SUMPRODUCT(('الإدخال اليومي'!$L73:$AA73>0)*('الإدخال اليومي'!$L$3:$AA$3>=MAX(الإعدادات!$B$10+1,N(J99)))*('الإدخال اليومي'!$L$3:$AA$3<=الإعدادات!$B$2))) -> 12 | M99: =IF($B99="","",IF(C99="امازون","",(IFERROR(INDEX(الإعدادات!$B$19:$B$22,MATCH(C99,الإعدادات!$A$19:$A$22,0)),الإعدادات!$B$3)/الإعدادات!$B$4)*L99)) -> 180 | N99: =IF($B99="","",IF(OR(M99="",M99=0),"",F99/M99)) -> 0.53888889 | O99: =IF($B99="","",IF(OR(C99="امازون",L99=0),"",ROUND(F99/L99*الإعدادات!$B$4,0))) -> 243 | P99: =IF($B99="","",IF('الإدخال اليومي'!AF73="لا يعمل","مستبعد (ترك العمل)",IF('الإدخال اليومي'!AF73="اجازه","مستبعد (اجازة)",IF(C99="امازون","امازون (شحنات)",IF(L99=0,"مستبعد (لم يعمل)",IF(F99>=M99,"حقق",IF(F99>=M99*الإعدادات!$B$8,"قريب","بعيد"))))))) -> بعيد | Q99: =IF($B99="","",TRIM('الإدخال اليومي'!H73&IF(N('الإدخال اليومي'!AC73)>0," | + "&'الإدخال اليومي'!AC73&" طلب من "&'الإدخال اليومي'!AB73&" (محسوبة في الإجمالي)",""))) -> أسناد ضعيف | R99: =IF($B99="",0,SUBTOTAL(103,B99)) -> 1 | S99: =IF($B99="","",IF('الإدخال اليومي'!AF73="","يعمل",'الإدخال اليومي'!AF73)) -> يعمل
A100: =IF('الإدخال اليومي'!$B74="","",IF('الإدخال اليومي'!A74="","",'الإدخال اليومي'!A74)) -> 2568276055 | B100: =IF('الإدخال اليومي'!$B74="","",IF('الإدخال اليومي'!B74="","",'الإدخال اليومي'!B74)) -> فخر الاسلام | C100: =IF('الإدخال اليومي'!$B74="","",IF('الإدخال اليومي'!C74="","",'الإدخال اليومي'!C74)) -> كيتا | D100: =IF($B100="","",70) -> 70 | E100: =IF('الإدخال اليومي'!$B74="","",IF('الإدخال اليومي'!AD74="","",'الإدخال اليومي'!AD74)) -> فري لانسر | F100: =IF($B100="","",'الإدخال اليومي'!I74) -> 54 | G100: =IF($B100="","",IF(N('الإدخال اليومي'!AG74)=0,"",'الإدخال اليومي'!AG74)) | H100: =IF('الإدخال اليومي'!$B74="","",IF('الإدخال اليومي'!AE74="","",'الإدخال اليومي'!AE74)) -> خالد عباس | I100: =IF($B100="","",IFERROR(INDEX('الإدخال اليومي'!K74:AA74,MATCH(الإعدادات!$B$2,'الإدخال اليومي'!$K$3:$AA$3,0)),0)) -> 12 | J100: =IF('الإدخال اليومي'!$B74="","",IF('الإدخال اليومي'!F74="","",'الإدخال اليومي'!F74)) -> 46303 | K100: =IF($B100="","",N('الإدخال اليومي'!G74)+MAX(0,الإعدادات!$B$2-MAX(الإعدادات!$B$10+1,N(J100))+1)-SUMPRODUCT(('الإدخال اليومي'!$L74:$AA74>0)*('الإدخال اليومي'!$L$3:$AA$3>=MAX(الإعدادات!$B$10+1,N(J100)))*('الإدخال اليومي'!$L$3:$AA$3<=الإعدادات!$B$2))) -> 0 | L100: =IF($B100="","",MAX(0,الإعدادات!$B$10-IF(J100="",الإعدادات!$B$9,MAX(J100,الإعدادات!$B$9))+1-N('الإدخال اليومي'!G74))+SUMPRODUCT(('الإدخال اليومي'!$L74:$AA74>0)*('الإدخال اليومي'!$L$3:$AA$3>=MAX(الإعدادات!$B$10+1,N(J100)))*('الإدخال اليومي'!$L$3:$AA$3<=الإعدادات!$B$2))) -> 10 | M100: =IF($B100="","",IF(C100="امازون","",(IFERROR(INDEX(الإعدادات!$B$19:$B$22,MATCH(C100,الإعدادات!$A$19:$A$22,0)),الإعدادات!$B$3)/الإعدادات!$B$4)*L100)) -> 150 | N100: =IF($B100="","",IF(OR(M100="",M100=0),"",F100/M100)) -> 0.36 | O100: =IF($B100="","",IF(OR(C100="امازون",L100=0),"",ROUND(F100/L100*الإعدادات!$B$4,0))) -> 162 | P100: =IF($B100="","",IF('الإدخال اليومي'!AF74="لا يعمل","مستبعد (ترك العمل)",IF('الإدخال اليومي'!AF74="اجازه","مستبعد (اجازة)",IF(C100="امازون","امازون (شحنات)",IF(L100=0,"مستبعد (لم يعمل)",IF(F100>=M100,"حقق",IF(F100>=M100*الإعدادات!$B$8,"قريب","بعيد"))))))) -> بعيد | Q100: =IF($B100="","",TRIM('الإدخال اليومي'!H74&IF(N('الإدخال اليومي'!AC74)>0," | + "&'الإدخال اليومي'!AC74&" طلب من "&'الإدخال اليومي'!AB74&" (محسوبة في الإجمالي)",""))) -> اسناد ضعيف | R100: =IF($B100="",0,SUBTOTAL(103,B100)) -> 1 | S100: =IF($B100="","",IF('الإدخال اليومي'!AF74="","يعمل",'الإدخال اليومي'!AF74)) -> يعمل
A101: =IF('الإدخال اليومي'!$B75="","",IF('الإدخال اليومي'!A75="","",'الإدخال اليومي'!A75)) -> 2516832710 | B101: =IF('الإدخال اليومي'!$B75="","",IF('الإدخال اليومي'!B75="","",'الإدخال اليومي'!B75)) -> معين دين حنيف | C101: =IF('الإدخال اليومي'!$B75="","",IF('الإدخال اليومي'!C75="","",'الإدخال اليومي'!C75)) -> كيتا | D101: =IF($B101="","",71) -> 71 | E101: =IF('الإدخال اليومي'!$B75="","",IF('الإدخال اليومي'!AD75="","",'الإدخال اليومي'!AD75)) -> فري لانسر | F101: =IF($B101="","",'الإدخال اليومي'!I75) -> 62 | G101: =IF($B101="","",IF(N('الإدخال اليومي'!AG75)=0,"",'الإدخال اليومي'!AG75)) | H101: =IF('الإدخال اليومي'!$B75="","",IF('الإدخال اليومي'!AE75="","",'الإدخال اليومي'!AE75)) -> خالد عباس | I101: =IF($B101="","",IFERROR(INDEX('الإدخال اليومي'!K75:AA75,MATCH(الإعدادات!$B$2,'الإدخال اليومي'!$K$3:$AA$3,0)),0)) -> 19 | J101: =IF('الإدخال اليومي'!$B75="","",IF('الإدخال اليومي'!F75="","",'الإدخال اليومي'!F75)) -> 46303 | K101: =IF($B101="","",N('الإدخال اليومي'!G75)+MAX(0,الإعدادات!$B$2-MAX(الإعدادات!$B$10+1,N(J101))+1)-SUMPRODUCT(('الإدخال اليومي'!$L75:$AA75>0)*('الإدخال اليومي'!$L$3:$AA$3>=MAX(الإعدادات!$B$10+1,N(J101)))*('الإدخال اليومي'!$L$3:$AA$3<=الإعدادات!$B$2))) -> 0 | L101: =IF($B101="","",MAX(0,الإعدادات!$B$10-IF(J101="",الإعدادات!$B$9,MAX(J101,الإعدادات!$B$9))+1-N('الإدخال اليومي'!G75))+SUMPRODUCT(('الإدخال اليومي'!$L75:$AA75>0)*('الإدخال اليومي'!$L$3:$AA$3>=MAX(الإعدادات!$B$10+1,N(J101)))*('الإدخال اليومي'!$L$3:$AA$3<=الإعدادات!$B$2))) -> 10 | M101: =IF($B101="","",IF(C101="امازون","",(IFERROR(INDEX(الإعدادات!$B$19:$B$22,MATCH(C101,الإعدادات!$A$19:$A$22,0)),الإعدادات!$B$3)/الإعدادات!$B$4)*L101)) -> 150 | N101: =IF($B101="","",IF(OR(M101="",M101=0),"",F101/M101)) -> 0.41333333 | O101: =IF($B101="","",IF(OR(C101="امازون",L101=0),"",ROUND(F101/L101*الإعدادات!$B$4,0))) -> 186 | P101: =IF($B101="","",IF('الإدخال اليومي'!AF75="لا يعمل","مستبعد (ترك العمل)",IF('الإدخال اليومي'!AF75="اجازه","مستبعد (اجازة)",IF(C101="امازون","امازون (شحنات)",IF(L101=0,"مستبعد (لم يعمل)",IF(F101>=M101,"حقق",IF(F101>=M101*الإعدادات!$B$8,"قريب","بعيد"))))))) -> بعيد | Q101: =IF($B101="","",TRIM('الإدخال اليومي'!H75&IF(N('الإدخال اليومي'!AC75)>0," | + "&'الإدخال اليومي'!AC75&" طلب من "&'الإدخال اليومي'!AB75&" (محسوبة في الإجمالي)",""))) -> تم توجية المندوب وتم انذارو | R101: =IF($B101="",0,SUBTOTAL(103,B101)) -> 1 | S101: =IF($B101="","",IF('الإدخال اليومي'!AF75="","يعمل",'الإدخال اليومي'!AF75)) -> يعمل
A102: =IF('الإدخال اليومي'!$B76="","",IF('الإدخال اليومي'!A76="","",'الإدخال اليومي'!A76)) -> 2562667267 | B102: =IF('الإدخال اليومي'!$B76="","",IF('الإدخال اليومي'!B76="","",'الإدخال اليومي'!B76)) -> mohammad ali rojan ali | C102: =IF('الإدخال اليومي'!$B76="","",IF('الإدخال اليومي'!C76="","",'الإدخال اليومي'!C76)) -> كيتا | D102: =IF($B102="","",72) -> 72 | E102: =IF('الإدخال اليومي'!$B76="","",IF('الإدخال اليومي'!AD76="","",'الإدخال اليومي'!AD76)) -> كفالة | F102: =IF($B102="","",'الإدخال اليومي'!I76) -> 0 | G102: =IF($B102="","",IF(N('الإدخال اليومي'!AG76)=0,"",'الإدخال اليومي'!AG76)) | H102: =IF('الإدخال اليومي'!$B76="","",IF('الإدخال اليومي'!AE76="","",'الإدخال اليومي'!AE76)) -> محمود خطاب | I102: =IF($B102="","",IFERROR(INDEX('الإدخال اليومي'!K76:AA76,MATCH(الإعدادات!$B$2,'الإدخال اليومي'!$K$3:$AA$3,0)),0)) -> 0 | J102: =IF('الإدخال اليومي'!$B76="","",IF('الإدخال اليومي'!F76="","",'الإدخال اليومي'!F76)) -> 45382 | K102: =IF($B102="","",N('الإدخال اليومي'!G76)+MAX(0,الإعدادات!$B$2-MAX(الإعدادات!$B$10+1,N(J102))+1)-SUMPRODUCT(('الإدخال اليومي'!$L76:$AA76>0)*('الإدخال اليومي'!$L$3:$AA$3>=MAX(الإعدادات!$B$10+1,N(J102)))*('الإدخال اليومي'!$L$3:$AA$3<=الإعدادات!$B$2))) -> 2 | L102: =IF($B102="","",MAX(0,الإعدادات!$B$10-IF(J102="",الإعدادات!$B$9,MAX(J102,الإعدادات!$B$9))+1-N('الإدخال اليومي'!G76))+SUMPRODUCT(('الإدخال اليومي'!$L76:$AA76>0)*('الإدخال اليومي'!$L$3:$AA$3>=MAX(الإعدادات!$B$10+1,N(J102)))*('الإدخال اليومي'!$L$3:$AA$3<=الإعدادات!$B$2))) -> 15 | M102: =IF($B102="","",IF(C102="امازون","",(IFERROR(INDEX(الإعدادات!$B$19:$B$22,MATCH(C102,الإعدادات!$A$19:$A$22,0)),الإعدادات!$B$3)/الإعدادات!$B$4)*L102)) -> 225 | N102: =IF($B102="","",IF(OR(M102="",M102=0),"",F102/M102)) -> 0 | O102: =IF($B102="","",IF(OR(C102="امازون",L102=0),"",ROUND(F102/L102*الإعدادات!$B$4,0))) -> 0 | P102: =IF($B102="","",IF('الإدخال اليومي'!AF76="لا يعمل","مستبعد (ترك العمل)",IF('الإدخال اليومي'!AF76="اجازه","مستبعد (اجازة)",IF(C102="امازون","امازون (شحنات)",IF(L102=0,"مستبعد (لم يعمل)",IF(F102>=M102,"حقق",IF(F102>=M102*الإعدادات!$B$8,"قريب","بعيد"))))))) -> مستبعد (اجازة) | Q102: =IF($B102="","",TRIM('الإدخال اليومي'!H76&IF(N('الإدخال اليومي'!AC76)>0," | + "&'الإدخال اليومي'!AC76&" طلب من "&'الإدخال اليومي'!AB76&" (محسوبة في الإجمالي)",""))) | R102: =IF($B102="",0,SUBTOTAL(103,B102)) -> 1 | S102: =IF($B102="","",IF('الإدخال اليومي'!AF76="","يعمل",'الإدخال اليومي'!AF76)) -> اجازه
A103: =IF('الإدخال اليومي'!$B77="","",IF('الإدخال اليومي'!A77="","",'الإدخال اليومي'!A77)) -> 2555618319 | B103: =IF('الإدخال اليومي'!$B77="","",IF('الإدخال اليومي'!B77="","",'الإدخال اليومي'!B77)) -> حسام احمد السيد علام | C103: =IF('الإدخال اليومي'!$B77="","",IF('الإدخال اليومي'!C77="","",'الإدخال اليومي'!C77)) -> كيتا | D103: =IF($B103="","",73) -> 73 | E103: =IF('الإدخال اليومي'!$B77="","",IF('الإدخال اليومي'!AD77="","",'الإدخال اليومي'!AD77)) -> كفالة | F103: =IF($B103="","",'الإدخال اليومي'!I77) -> 0 | G103: =IF($B103="","",IF(N('الإدخال اليومي'!AG77)=0,"",'الإدخال اليومي'!AG77)) | H103: =IF('الإدخال اليومي'!$B77="","",IF('الإدخال اليومي'!AE77="","",'الإدخال اليومي'!AE77)) -> محمود خطاب | I103: =IF($B103="","",IFERROR(INDEX('الإدخال اليومي'!K77:AA77,MATCH(الإعدادات!$B$2,'الإدخال اليومي'!$K$3:$AA$3,0)),0)) -> 0 | J103: =IF('الإدخال اليومي'!$B77="","",IF('الإدخال اليومي'!F77="","",'الإدخال اليومي'!F77)) -> 45322 | K103: =IF($B103="","",N('الإدخال اليومي'!G77)+MAX(0,الإعدادات!$B$2-MAX(الإعدادات!$B$10+1,N(J103))+1)-SUMPRODUCT(('الإدخال اليومي'!$L77:$AA77>0)*('الإدخال اليومي'!$L$3:$AA$3>=MAX(الإعدادات!$B$10+1,N(J103)))*('الإدخال اليومي'!$L$3:$AA$3<=الإعدادات!$B$2))) -> 2 | L103: =IF($B103="","",MAX(0,الإعدادات!$B$10-IF(J103="",الإعدادات!$B$9,MAX(J103,الإعدادات!$B$9))+1-N('الإدخال اليومي'!G77))+SUMPRODUCT(('الإدخال اليومي'!$L77:$AA77>0)*('الإدخال اليومي'!$L$3:$AA$3>=MAX(الإعدادات!$B$10+1,N(J103)))*('الإدخال اليومي'!$L$3:$AA$3<=الإعدادات!$B$2))) -> 15 | M103: =IF($B103="","",IF(C103="امازون","",(IFERROR(INDEX(الإعدادات!$B$19:$B$22,MATCH(C103,الإعدادات!$A$19:$A$22,0)),الإعدادات!$B$3)/الإعدادات!$B$4)*L103)) -> 225 | N103: =IF($B103="","",IF(OR(M103="",M103=0),"",F103/M103)) -> 0 | O103: =IF($B103="","",IF(OR(C103="امازون",L103=0),"",ROUND(F103/L103*الإعدادات!$B$4,0))) -> 0 | P103: =IF($B103="","",IF('الإدخال اليومي'!AF77="لا يعمل","مستبعد (ترك العمل)",IF('الإدخال اليومي'!AF77="اجازه","مستبعد (اجازة)",IF(C103="امازون","امازون (شحنات)",IF(L103=0,"مستبعد (لم يعمل)",IF(F103>=M103,"حقق",IF(F103>=M103*الإعدادات!$B$8,"قريب","بعيد"))))))) -> بعيد | Q103: =IF($B103="","",TRIM('الإدخال اليومي'!H77&IF(N('الإدخال اليومي'!AC77)>0," | + "&'الإدخال اليومي'!AC77&" طلب من "&'الإدخال اليومي'!AB77&" (محسوبة في الإجمالي)",""))) | R103: =IF($B103="",0,SUBTOTAL(103,B103)) -> 1 | S103: =IF($B103="","",IF('الإدخال اليومي'!AF77="","يعمل",'الإدخال اليومي'!AF77)) -> يعمل
A104: =IF('الإدخال اليومي'!$B78="","",IF('الإدخال اليومي'!A78="","",'الإدخال اليومي'!A78)) -> 2641745423 | B104: =IF('الإدخال اليومي'!$B78="","",IF('الإدخال اليومي'!B78="","",'الإدخال اليومي'!B78)) -> نور محمد عبد اللطيف الشريف | C104: =IF('الإدخال اليومي'!$B78="","",IF('الإدخال اليومي'!C78="","",'الإدخال اليومي'!C78)) -> كيتا | D104: =IF($B104="","",74) -> 74 | E104: =IF('الإدخال اليومي'!$B78="","",IF('الإدخال اليومي'!AD78="","",'الإدخال اليومي'!AD78)) -> فري لانسر | F104: =IF($B104="","",'الإدخال اليومي'!I78) -> 0 | G104: =IF($B104="","",IF(N('الإدخال اليومي'!AG78)=0,"",'الإدخال اليومي'!AG78)) | H104: =IF('الإدخال اليومي'!$B78="","",IF('الإدخال اليومي'!AE78="","",'الإدخال اليومي'!AE78)) -> خالد عباس | I104: =IF($B104="","",IFERROR(INDEX('الإدخال اليومي'!K78:AA78,MATCH(الإعدادات!$B$2,'الإدخال اليومي'!$K$3:$AA$3,0)),0)) -> 0 | J104: =IF('الإدخال اليومي'!$B78="","",IF('الإدخال اليومي'!F78="","",'الإدخال اليومي'!F78)) | K104: =IF($B104="","",N('الإدخال اليومي'!G78)+MAX(0,الإعدادات!$B$2-MAX(الإعدادات!$B$10+1,N(J104))+1)-SUMPRODUCT(('الإدخال اليومي'!$L78:$AA78>0)*('الإدخال اليومي'!$L$3:$AA$3>=MAX(الإعدادات!$B$10+1,N(J104)))*('الإدخال اليومي'!$L$3:$AA$3<=الإعدادات!$B$2))) -> 2 | L104: =IF($B104="","",MAX(0,الإعدادات!$B$10-IF(J104="",الإعدادات!$B$9,MAX(J104,الإعدادات!$B$9))+1-N('الإدخال اليومي'!G78))+SUMPRODUCT(('الإدخال اليومي'!$L78:$AA78>0)*('الإدخال اليومي'!$L$3:$AA$3>=MAX(الإعدادات!$B$10+1,N(J104)))*('الإدخال اليومي'!$L$3:$AA$3<=الإعدادات!$B$2))) -> 15 | M104: =IF($B104="","",IF(C104="امازون","",(IFERROR(INDEX(الإعدادات!$B$19:$B$22,MATCH(C104,الإعدادات!$A$19:$A$22,0)),الإعدادات!$B$3)/الإعدادات!$B$4)*L104)) -> 225 | N104: =IF($B104="","",IF(OR(M104="",M104=0),"",F104/M104)) -> 0 | O104: =IF($B104="","",IF(OR(C104="امازون",L104=0),"",ROUND(F104/L104*الإعدادات!$B$4,0))) -> 0 | P104: =IF($B104="","",IF('الإدخال اليومي'!AF78="لا يعمل","مستبعد (ترك العمل)",IF('الإدخال اليومي'!AF78="اجازه","مستبعد (اجازة)",IF(C104="امازون","امازون (شحنات)",IF(L104=0,"مستبعد (لم يعمل)",IF(F104>=M104,"حقق",IF(F104>=M104*الإعدادات!$B$8,"قريب","بعيد"))))))) -> مستبعد (ترك العمل) | Q104: =IF($B104="","",TRIM('الإدخال اليومي'!H78&IF(N('الإدخال اليومي'!AC78)>0," | + "&'الإدخال اليومي'!AC78&" طلب من "&'الإدخال اليومي'!AB78&" (محسوبة في الإجمالي)",""))) | R104: =IF($B104="",0,SUBTOTAL(103,B104)) -> 1 | S104: =IF($B104="","",IF('الإدخال اليومي'!AF78="","يعمل",'الإدخال اليومي'!AF78)) -> لا يعمل
...

Sheet الإدخال اليومي
A1: الإدخال اليومي للطلبات
A2: كل يوم اكتب طلبات كل مندوب في عمود تاريخ اليوم. اليوم اللي فيه طلبات بيتحسب يوم عمل، واليوم الفاضي أو صفر بيتحسب غياب ويتلوّن أحمر (تقدر تضيف Note على الخلية بسبب الغياب). اللي مش محقق اكتب سبب في عمود الملاحظات (بيتلوّن أحمر لو فاضي). امازون: اكتب الشحنات في عمود الشحنات.
A3: رقم الإقامة | B3: الاسم | C3: المشروع | D3: م | E3: الحالة / الجهة | F3: تاريخ البدء (لو بعد أول الشهر) | G3: أيام غياب أول الشهر (لحد الرصيد) | H3: ملاحظات (سبب عدم التحقيق) | I3: إجمالي الشهر | J3: ="إجمالي حتى "&TEXT(الإعدادات!$B$10,"dd/mm") -> إجمالي حتى 15/10 | K3: =الإعدادات!$B$10 -> 46310 | L3: =K3+1 -> 46311 | M3: =L3+1 -> 46312 | N3: =M3+1 -> 46313 | O3: =N3+1 -> 46314 | P3: =O3+1 -> 46315 | Q3: =P3+1 -> 46316 | R3: =Q3+1 -> 46317 | S3: =R3+1 -> 46318 | ... AA3: =Z3+1 -> 46326 | AB3: مشروع آخر اشتغل فيه | AC3: طلباته هناك (إجمالي الشهر) | AD3: الجهة | AE3: المشرف | AF3: الحالة | AG3: إجمالي الشحنات (امازون) | AH3: التقييم الحالي
A4: إجمالي اليوم | I4: =SUM(I5:I234) -> 29722 | J4: =SUM(J5:J234) -> 25615 | K4: =SUM(K5:K234) -> 2169 | L4: =SUM(L5:L234) -> 2153 | M4: =SUM(M5:M234) -> 1954 | N4: =SUM(N5:N234) -> 0 | O4: =SUM(O5:O234) -> 0 | P4: =SUM(P5:P234) -> 0 | ... AA4: =SUM(AA5:AA234) -> 0 | AG4: =SUM(AG5:AG234) -> 0
A5: 2556808885 | B5: Robin Mia | C5: كيتا | D5: =IF(B5="","",ROW()-4) -> 1 | E5: خطاب | F5: 45924 | I5: =IF(B5="","",J5+SUM(L5:AA5)+N(AC5)) -> 442 | J5: 389 | K5: 31 | L5: 30 | M5: 23 | AD5: كفالة | AE5: محمود خطاب | AF5: يعمل | AH5: =IF(B5="","",INDEX(التقرير!$P$31:$P$260,ROW()-4)) -> حقق
A6: 2558834244 | B6: AHMARE ALI ASLAM | C6: كيتا | D6: =IF(B6="","",ROW()-4) -> 2 | E6: خطاب | F6: 46029 | I6: =IF(B6="","",J6+SUM(L6:AA6)+N(AC6)) -> 428 | J6: 375 | K6: 1 | L6: 25 | M6: 28 | AD6: كفالة | AE6: محمود خطاب | AF6: يعمل | AH6: =IF(B6="","",INDEX(التقرير!$P$31:$P$260,ROW()-4)) -> حقق
A7: 2636257749 | B7: حسن احمد حسين جمال الدين | C7: كيتا | D7: =IF(B7="","",ROW()-4) -> 3 | E7: خالد | F7: 46250 | I7: =IF(B7="","",J7+SUM(L7:AA7)+N(AC7)) -> 417 | J7: 369 | K7: 27 | L7: 22 | M7: 26 | AD7: فري لانسر | AE7: خالد عباس | AF7: يعمل | AH7: =IF(B7="","",INDEX(التقرير!$P$31:$P$260,ROW()-4)) -> حقق
A8: 2566744484 | B8: Babar Ali | C8: كيتا | D8: =IF(B8="","",ROW()-4) -> 4 | E8: خطاب | F8: 45534 | I8: =IF(B8="","",J8+SUM(L8:AA8)+N(AC8)) -> 401 | J8: 360 | K8: 33 | L8: 21 | M8: 20 | AD8: كفالة | AE8: محمود خطاب | AF8: يعمل | AH8: =IF(B8="","",INDEX(التقرير!$P$31:$P$260,ROW()-4)) -> حقق
A9: 2556809024 | B9: Md ELMAZED | C9: كيتا | D9: =IF(B9="","",ROW()-4) -> 5 | E9: خطاب | F9: 45924 | I9: =IF(B9="","",J9+SUM(L9:AA9)+N(AC9)) -> 409 | J9: 358 | K9: 30 | L9: 29 | M9: 22 | AD9: كفالة | AE9: محمود خطاب | AF9: يعمل | AH9: =IF(B9="","",INDEX(التقرير!$P$31:$P$260,ROW()-4)) -> حقق
A10: 2555618590 | B10: MOHAMMED BAKRE | C10: كيتا | D10: =IF(B10="","",ROW()-4) -> 6 | E10: خطاب | F10: 45322 | I10: =IF(B10="","",J10+SUM(L10:AA10)+N(AC10)) -> 397 | J10: 349 | K10: 24 | L10: 26 | M10: 22 | AD10: كفالة | AE10: محمود خطاب | AF10: يعمل | AH10: =IF(B10="","",INDEX(التقرير!$P$31:$P$260,ROW()-4)) -> حقق
A11: 2588682613 | B11: قمر الحسن | C11: كيتا | D11: =IF(B11="","",ROW()-4) -> 7 | E11: خالد | F11: 46204 | I11: =IF(B11="","",J11+SUM(L11:AA11)+N(AC11)) -> 387 | J11: 346 | K11: 24 | L11: 24 | M11: 17 | AD11: فري لانسر | AE11: خالد عباس | AF11: يعمل | AH11: =IF(B11="","",INDEX(التقرير!$P$31:$P$260,ROW()-4)) -> حقق
A12: 2591742545 | B12: مصطفى محمود احمد | C12: كيتا | D12: =IF(B12="","",ROW()-4) -> 8 | E12: خالد | F12: 46204 | I12: =IF(B12="","",J12+SUM(L12:AA12)+N(AC12)) -> 358 | J12: 343 | K12: 22 | L12: 0 | M12: 15 | AD12: فري لانسر | AE12: خالد عباس | AF12: يعمل | AH12: =IF(B12="","",INDEX(التقرير!$P$31:$P$260,ROW()-4)) -> حقق
A13: 2586734259 | B13: RAFI MD IBRAHIM | C13: كيتا | D13: =IF(B13="","",ROW()-4) -> 9 | E13: خالد | F13: 46284 | I13: =IF(B13="","",J13+SUM(L13:AA13)+N(AC13)) -> 370 | J13: 342 | K13: 28 | L13: 13 | M13: 15 | AD13: فري لانسر | AE13: خالد عباس | AF13: يعمل | AH13: =IF(B13="","",INDEX(التقرير!$P$31:$P$260,ROW()-4)) -> حقق
A14: 2567991936 | B14: SABUJ SK | C14: كيتا | D14: =IF(B14="","",ROW()-4) -> 10 | E14: خطاب | F14: 45412 | I14: =IF(B14="","",J14+SUM(L14:AA14)+N(AC14)) -> 393 | J14: 339 | K14: 30 | L14: 28 | M14: 26 | AD14: كفالة | AE14: محمود خطاب | AF14: يعمل | AH14: =IF(B14="","",INDEX(التقرير!$P$31:$P$260,ROW()-4)) -> حقق
A15: 2585711043 | B15: هريدوى تشاندرا | C15: كيتا | D15: =IF(B15="","",ROW()-4) -> 11 | E15: خالد | F15: 46204 | I15: =IF(B15="","",J15+SUM(L15:AA15)+N(AC15)) -> 383 | J15: 339 | K15: 29 | L15: 27 | M15: 17 | AD15: فري لانسر | AE15: خالد عباس | AF15: يعمل | AH15: =IF(B15="","",INDEX(التقرير!$P$31:$P$260,ROW()-4)) -> حقق
A16: 2569644962 | B16: KHAYRUL ISLAM | C16: كيتا | D16: =IF(B16="","",ROW()-4) -> 12 | E16: خطاب | F16: 46139 | I16: =IF(B16="","",J16+SUM(L16:AA16)+N(AC16)) -> 342 | J16: 326 | K16: 26 | L16: 1 | M16: 15 | AD16: كفالة | AE16: محمود خطاب | AF16: يعمل | AH16: =IF(B16="","",INDEX(التقرير!$P$31:$P$260,ROW()-4)) -> حقق
... A34: 2558231755 | B34: محمد عزت سالم | C34: كيتا | D34: =IF(B34="","",ROW()-4) -> 30 | E34: خالد | F34: 46282 | I34: =IF(B34="","",J34+SUM(L34:AA34)+N(AC34)) -> 340 | J34: 300 | K34: 22 | L34: 23 | M34: 17 | AD34: فري لانسر | AE34: خالد عباس | AF34: يعمل | AH34: =IF(B34="","",INDEX(التقرير!$P$31:$P$260,ROW()-4)) -> حقق
A35: 2580251441 | B35: احمد مصطفي محمد | C35: كيتا | D35: =IF(B35="","",ROW()-4) -> 31 | E35: خالد | F35: 46295 | H35: اسناد ضعيف | I35: =IF(B35="","",J35+SUM(L35:AA35)+N(AC35)) -> 318 | J35: 281 | K35: 27 | L35: 24 | M35: 13 | AD35: فري لانسر | AE35: خالد عباس | AF35: يعمل | AH35: =IF(B35="","",INDEX(التقرير!$P$31:$P$260,ROW()-4)) -> حقق
A36: 2588109203 | B36: MAHMUDUL HASSAN | C36: كيتا | D36: =IF(B36="","",ROW()-4) -> 32 | E36: خالد | F36: 46204 | I36: =IF(B36="","",J36+SUM(L36:AA36)+N(AC36)) -> 321 | J36: 280 | K36: 19 | L36: 25 | M36: 16 | AD36: فري لانسر | AE36: خالد عباس | AF36: يعمل | AH36: =IF(B36="","",INDEX(التقرير!$P$31:$P$260,ROW()-4)) -> حقق
A37: 2586867323 | B37: JAHANGIR aLAM | C37: كيتا | D37: =IF(B37="","",ROW()-4) -> 33 | E37: خطاب | F37: 46079 | I37: =IF(B37="","",J37+SUM(L37:AA37)+N(AC37)) -> 322 | J37: 277 | K37: 8 | L37: 19 | M37: 26 | AD37: كفالة | AE37: محمود خطاب | AF37: يعمل | AH37: =IF(B37="","",INDEX(التقرير!$P$31:$P$260,ROW()-4)) -> حقق
A38: 2591331687 | B38: اسلام محمود السيد | C38: كيتا | D38: =IF(B38="","",ROW()-4) -> 34 | E38: خالد | F38: 46262 | I38: =IF(B38="","",J38+SUM(L38:AA38)+N(AC38)) -> 322 | J38: 277 | K38: 24 | L38: 28 | M38: 17 | AD38: فري لانسر | AE38: خالد عباس | AF38: يعمل | AH38: =IF(B38="","",INDEX(التقرير!$P$31:$P$260,ROW()-4)) -> حقق
A39: 2598450894 | B39: محمد شاه بران | C39: كيتا | D39: =IF(B39="","",ROW()-4) -> 35 | E39: خالد | F39: 46282 | I39: =IF(B39="","",J39+SUM(L39:AA39)+N(AC39)) -> 311 | J39: 275 | K39: 20 | L39: 17 | M39: 19 | AD39: فري لانسر | AE39: خالد عباس | AF39: يعمل | AH39: =IF(B39="","",INDEX(التقرير!$P$31:$P$260,ROW()-4)) -> حقق
A40: 2576049361 | B40: مد رقيب الاسلام | C40: كيتا | D40: =IF(B40="","",ROW()-4) -> 36 | E40: خالد | F40: 46272 | I40: =IF(B40="","",J40+SUM(L40:AA40)+N(AC40)) -> 321 | J40: 272 | K40: 17 | L40: 27 | M40: 22 | AD40: فري لانسر | AE40: خالد عباس | AF40: يعمل | AH40: =IF(B40="","",INDEX(التقرير!$P$31:$P$260,ROW()-4)) -> حقق
A41: 2590036691 | B41: عبدالحميد جمال شعبان | C41: كيتا | D41: =IF(B41="","",ROW()-4) -> 37 | E41: خالد | F41: 46241 | H41: مشكلة في نت المندوب وتم حلها | I41: =IF(B41="","",J41+SUM(L41:AA41)+N(AC41)) -> 304 | J41: 271 | K41: 18 | L41: 20 | M41: 13 | AD41: فري لانسر | AE41: خالد عباس | AF41: يعمل | AH41: =IF(B41="","",INDEX(التقرير!$P$31:$P$260,ROW()-4)) -> حقق
A42: 2589063623 | B42: MD Sajid AHMED | C42: كيتا | D42: =IF(B42="","",ROW()-4) -> 38 | E42: خالد | F42: 46204 | I42: =IF(B42="","",J42+SUM(L42:AA42)+N(AC42)) -> 312 | J42: 271 | K42: 21 | L42: 20 | M42: 21 | AD42: فري لانسر | AE42: خالد عباس | AF42: يعمل | AH42: =IF(B42="","",INDEX(التقرير!$P$31:$P$260,ROW()-4)) -> حقق
A43: 2585782051 | B43: HASAN AHMADE MOUSTAF | C43: كيتا | D43: =IF(B43="","",ROW()-4) -> 39 | E43: خطاب | F43: 45889 | I43: =IF(B43="","",J43+SUM(L43:AA43)+N(AC43)) -> 304 | J43: 268 | K43: 20 | L43: 21 | M43: 15 | AD43: كفالة | AE43: محمود خطاب | AF43: يعمل | AH43: =IF(B43="","",INDEX(التقرير!$P$31:$P$260,ROW()-4)) -> حقق
A44: 2579771524 | B44: MOHAMMED ABDALLHA | C44: كيتا | D44: =IF(B44="","",ROW()-4) -> 40 | E44: خطاب | F44: 46077 | H44: جاري توجية المندوب وتم انذارو | I44: =IF(B44="","",J44+SUM(L44:AA44)+N(AC44)) -> 288 | J44: 264 | K44: 26 | L44: 13 | M44: 11 | AD44: كفالة | AE44: محمود خطاب | AF44: يعمل | AH44: =IF(B44="","",INDEX(التقرير!$P$31:$P$260,ROW()-4)) -> حقق
A45: 2568200659 | B45: محمد ذاك حسين | C45: كيتا | D45: =IF(B45="","",ROW()-4) -> 41 | E45: خالد | F45: 46250 | I45: =IF(B45="","",J45+SUM(L45:AA45)+N(AC45)) -> 294 | J45: 259 | K45: 20 | L45: 20 | M45: 15 | AD45: فري لانسر | AE45: خالد عباس | AF45: يعمل | AH45: =IF(B45="","",INDEX(التقرير!$P$31:$P$260,ROW()-4)) -> حقق
A46: 2607927049 | B46: MEHEDI HASAN SABBIR | C46: كيتا | D46: =IF(B46="","",ROW()-4) -> 42 | E46: خالد | F46: 46293 | I46: =IF(B46="","",J46+SUM(L46:AA46)+N(AC46)) -> 275 | J46: 259 | K46: 15 | L46: 0 | M46: 16 | AD46: فري لانسر | AE46: خالد عباس | AF46: يعمل | AH46: =IF(B46="","",INDEX(التقرير!$P$31:$P$260,ROW()-4)) -> حقق
A47: 2609179607 | B47: احمد محمود أحمد زيدان | C47: كيتا | D47: =IF(B47="","",ROW()-4) -> 43 | E47: خالد | F47: 46204 | I47: =IF(B47="","",J47+SUM(L47:AA47)+N(AC47)) -> 300 | J47: 257 | K47: 23 | L47: 21 | M47: 22 | AD47: فري لانسر | AE47: خالد عباس | AF47: يعمل | AH47: =IF(B47="","",INDEX(التقرير!$P$31:$P$260,ROW()-4)) -> حقق
A48: 2586502839 | B48: صلاح الدين | C48: كيتا | D48: =IF(B48="","",ROW()-4) -> 44 | E48: خالد | F48: 46204 | I48: =IF(B48="","",J48+SUM(L48:AA48)+N(AC48)) -> 298 | J48: 256 | K48: 19 | L48: 25 | M48: 17 | AD48: فري لانسر | AE48: خالد عباس | AF48: يعمل | AH48: =IF(B48="","",INDEX(التقرير!$P$31:$P$260,ROW()-4)) -> حقق
A49: 2553949062 | B49: محمد أحمد فوزى أبوعجور | C49: كيتا | D49: =IF(B49="","",ROW()-4) -> 45 | E49: خطاب | F49: 45316 | I49: =IF(B49="","",J49+SUM(L49:AA49)+N(AC49)) -> 286 | J49: 249 | K49: 20 | L49: 21 | M49: 16 | AD49: كفالة | AE49: محمود خطاب | AF49: يعمل | AH49: =IF(B49="","",INDEX(التقرير!$P$31:$P$260,ROW()-4)) -> حقق
A50: 2557509482 | B50: MAHMOUDE ABO GARARA | C50: كيتا | D50: =IF(B50="","",ROW()-4) -> 46 | E50: خطاب | F50: 45322 | I50: =IF(B50="","",J50+SUM(L50:AA50)+N(AC50)) -> 288 | J50: 247 | K50: 24 | L50: 22 | M50: 19 | AD50: كفالة | AE50: محمود خطاب | AF50: يعمل | AH50: =IF(B50="","",INDEX(التقرير!$P$31:$P$260,ROW()-4)) -> حقق
A51: 2568883777 | B51: Jahidul Islam | C51: كيتا | D51: =IF(B51="","",ROW()-4) -> 47 | E51: خالد | F51: 46204 | I51: =IF(B51="","",J51+SUM(L51:AA51)+N(AC51)) -> 283 | J51: 245 | K51: 18 | L51: 19 | M51: 19 | AD51: فري لانسر | AE51: خالد عباس | AF51: يعمل | AH51: =IF(B51="","",INDEX(التقرير!$P$31:$P$260,ROW()-4)) -> حقق
A52: 2562201455 | B52: TANVEER SHAFI | C52: كيتا | D52: =IF(B52="","",ROW()-4) -> 48 | E52: خطاب | F52: 45351 | I52: =IF(B52="","",J52+SUM(L52:AA52)+N(AC52)) -> 278 | J52: 244 | K52: 15 | L52: 15 | M52: 19 | AD52: كفالة | AE52: محمود خطاب | AF52: يعمل | AH52: =IF(B52="","",INDEX(التقرير!$P$31:$P$260,ROW()-4)) -> حقق
A53: 2600845370 | B53: معين الدين رنا | C53: كيتا | D53: =IF(B53="","",ROW()-4) -> 49 | E53: خالد | F53: 46204 | I53: =IF(B53="","",J53+SUM(L53:AA53)+N(AC53)) -> 284 | J53: 243 | K53: 18 | L53: 20 | M53: 21 | AD53: فري لانسر | AE53: خالد عباس | AF53: يعمل | AH53: =IF(B53="","",INDEX(التقرير!$P$31:$P$260,ROW()-4)) -> حقق
A54: 2600468512 | B54: Rayhan Ahmed Ahmed | C54: كيتا | D54: =IF(B54="","",ROW()-4) -> 50 | E54: خالد | F54: 46204 | I54: =IF(B54="","",J54+SUM(L54:AA54)+N(AC54)) -> 287 | J54: 241 | K54: 16 | L54: 24 | M54: 22 | AD54: فري لانسر | AE54: خالد عباس | AF54: يعمل | AH54: =IF(B54="","",INDEX(التقرير!$P$31:$P$260,ROW()-4)) -> حقق
A55: 2613704226 | B55: mohammed anuar mia | C55: كيتا | D55: =IF(B55="","",ROW()-4) -> 51 | E55: خالد | F55: 46204 | H55: أسناد ضعيف | I55: =IF(B55="","",J55+SUM(L55:AA55)+N(AC55)) -> 266 | J55: 240 | K55: 12 | L55: 17 | M55: 9 | AD55: فري لانسر | AE55: خالد عباس | AF55: يعمل | AH55: =IF(B55="","",INDEX(التقرير!$P$31:$P$260,ROW()-4)) -> حقق
A56: 2571010418 | B56: MD SHRABON | C56: كيتا | D56: =IF(B56="","",ROW()-4) -> 52 | E56: خالد | F56: 46293 | I56: =IF(B56="","",J56+SUM(L56:AA56)+N(AC56)) -> 284 | J56: 237 | K56: 19 | L56: 27 | M56: 20 | AD56: فري لانسر | AE56: خالد عباس | AF56: يعمل | AH56: =IF(B56="","",INDEX(التقرير!$P$31:$P$260,ROW()-4)) -> حقق
A57: 2585069020 | B57: محمد مهدي حسن | C57: كيتا | D57: =IF(B57="","",ROW()-4) -> 53 | E57: خالد | F57: 46294 | I57: =IF(B57="","",J57+SUM(L57:AA57)+N(AC57)) -> 277 | J57: 237 | K57: 19 | L57: 26 | M57: 14 | AD57: فري لانسر | AE57: خالد عباس | AF57: يعمل | AH57: =IF(B57="","",INDEX(التقرير!$P$31:$P$260,ROW()-4)) -> حقق
A58: 2608568529 | B58: SAJADE ALZAMANE | C58: كيتا | D58: =IF(B58="","",ROW()-4) -> 54 | E58: خطاب | F58: 46139 | I58: =IF(B58="","",J58+SUM(L58:AA58)+N(AC58)) -> 279 | J58: 236 | K58: 17 | L58: 24 | M58: 19 | AD58: كفالة | AE58: محمود خطاب | AF58: يعمل | AH58: =IF(B58="","",INDEX(التقرير!$P$31:$P$260,ROW()-4)) -> حقق
A59: 2620532297 | B59: محمد حلمى احمد | C59: كيتا | D59: =IF(B59="","",ROW()-4) -> 55 | E59: خالد | F59: 46284 | H59: مريض ولم يستطع استكمال العمل | I59: =IF(B59="","",J59+SUM(L59:AA59)+N(AC59)) -> 247 | J59: 232 | K59: 21 | L59: 7 | M59: 8 | AD59: فري لانسر | AE59: خالد عباس | AF59: يعمل | AH59: =IF(B59="","",INDEX(التقرير!$P$31:$P$260,ROW()-4)) -> قريب
A60: 2567275397 | B60: md badal hossain | C60: كيتا | D60: =IF(B60="","",ROW()-4) -> 56 | E60: خالد | F60: 46204 | I60: =IF(B60="","",J60+SUM(L60:AA60)+N(AC60)) -> 269 | J60: 227 | K60: 20 | L60: 23 | M60: 19 | AD60: فري لانسر | AE60: خالد عباس | AF60: يعمل | AH60: =IF(B60="","",INDEX(التقرير!$P$31:$P$260,ROW()-4)) -> حقق
A61: 2553949161 | B61: HASAN ALI ELSHAMY | C61: كيتا | D61: =IF(B61="","",ROW()-4) -> 57 | E61: خطاب | F61: 45316 | I61: =IF(B61="","",J61+SUM(L61:AA61)+N(AC61)) -> 253 | J61: 219 | K61: 17 | L61: 22 | M61: 12 | AD61: كفالة | AE61: محمود خطاب | AF61: يعمل | AH61: =IF(B61="","",INDEX(التقرير!$P$31:$P$260,ROW()-4)) -> قريب
A62: 2569646728 | B62: Md Rostum ali | C62: كيتا | D62: =IF(B62="","",ROW()-4) -> 58 | E62: خالد | F62: 46204 | H62: اجازة في هذا اليوم | I62: =IF(B62="","",J62+SUM(L62:AA62)+N(AC62)) -> 239 | J62: 218 | K62: 25 | L62: 16 | M62: 5 | AD62: فري لانسر | AE62: خالد عباس | AF62: يعمل | AH62: =IF(B62="","",INDEX(التقرير!$P$31:$P$260,ROW()-4)) -> قريب
A63: 2532063233 | B63: مصطفي محمود صادق | C63: كيتا | D63: =IF(B63="","",ROW()-4) -> 59 | E63: خالد | F63: 46255 | H63: اسناد ضعيف | I63: =IF(B63="","",J63+SUM(L63:AA63)+N(AC63)) -> 230 | J63: 205 | K63: 20 | L63: 14 | M63: 11 | AD63: فري لانسر | AE63: خالد عباس | AF63: يعمل | AH63: =IF(B63="","",INDEX(التقرير!$P$31:$P$260,ROW()-4)) -> قريب
A64: 2626922260 | B64: MOHAMMED KAMAL | C64: هنجرستيشن | D64: =IF(B64="","",ROW()-4) -> 60 | E64: خطاب | F64: 46139 | H64: تم نقل هنقرستيشن | I64: =IF(B64="","",J64+SUM(L64:AA64)+N(AC64)) -> 211 | J64: 201 | K64: 9 | L64: 10 | M64: 0 | AB64: كيتا | AD64: كفالة | AE64: محمود خطاب | AF64: يعمل | AH64: =IF(B64="","",INDEX(التقرير!$P$31:$P$260,ROW()-4)) -> قريب
A65: 2616523037 | B65: MD RONY HOSEN | C65: كيتا | D65: =IF(B65="","",ROW()-4) -> 61 | E65: خطاب | F65: 46139 | H65: أسناد ضعيف | I65: =IF(B65="","",J65+SUM(L65:AA65)+N(AC65)) -> 223 | J65: 190 | K65: 11 | L65: 18 | M65: 15 | AD65: كفالة | AE65: محمود خطاب | AF65: يعمل | AH65: =IF(B65="","",INDEX(التقرير!$P$31:$P$260,ROW()-4)) -> قريب
